STORE_ID,BUSINESS_DATE,YEAR,MONTH,DAYOFWEEK,DAY_PART,Sales_Amount,TICKET_NUM,HOP_OUT_TIME,AVE_SALE_PER_ORDER,AVE_SALE_PER_SERVICE_MINUTE
4818,2015-06-03,2015,6,03-Wednesday,05-Late Night Snack,680.7100000000003,79,3.5687034574468095,8.629245345744682,2.418695424510881
4818,2015-06-04,2015,6,04-Thursday,05-Late Night Snack,943.23,125,3.4258841940532077,7.676498435054772,2.2400482197051983
4818,2015-06-05,2015,6,05-Friday,05-Late Night Snack,1376.5699999999997,140,3.640399090157156,9.79017162944582,2.7145216940756836
4818,2015-06-06,2015,6,06-Saturday,05-Late Night Snack,1287.2600000000002,148,5.548108108108108,8.697702702702705,1.5865924660967672
4818,2015-06-07,2015,6,07-Sunday,05-Late Night Snack,711.3200000000002,97,3.9462880184331794,7.441557603686638,1.8877981596069469
4818,2015-06-08,2015,6,01-Monday,05-Late Night Snack,1070.2800000000002,130,10.008679875865361,8.235211267605635,0.988575997717541
4818,2015-06-09,2015,6,02-Tuesday,05-Late Night Snack,884.4099999999999,104,3.914528301886793,8.505162782093969,2.175434427122741
4818,2015-06-10,2015,6,03-Wednesday,05-Late Night Snack,901.06,122,3.4324172719935433,7.36666935700834,2.147053498211567
4818,2015-06-11,2015,6,04-Thursday,05-Late Night Snack,707.75,84,3.3700256410256406,8.45351282051282,2.5347044341682814
4818,2015-06-12,2015,6,05-Friday,05-Late Night Snack,1440.3600000000001,170,3.7975138888888886,8.422138888888888,2.212108307170444
4818,2015-06-13,2015,6,06-Saturday,05-Late Night Snack,1115.2400000000002,117,4.203749999999999,9.591580188679247,2.302343554755166
4818,2015-06-14,2015,6,07-Sunday,05-Late Night Snack,1041.5100000000002,132,3.1617583955223885,6.889825093283583,2.1413161405531795
4818,2015-06-15,2015,6,01-Monday,05-Late Night Snack,785.4599999999999,105,3.671058673469388,7.398864795918366,2.0150884868718997
4818,2015-06-16,2015,6,02-Tuesday,05-Late Night Snack,1013.1200000000001,119,4.4634715099715105,8.522129629629632,1.9092922085055826
4818,2015-06-17,2015,6,03-Wednesday,05-Late Night Snack,1172.9999999999998,154,4.260330284552846,7.600143970189702,1.7979721126839434
4818,2015-06-18,2015,6,04-Thursday,05-Late Night Snack,1090.08,133,4.926336499321575,8.18972523744912,1.6613820891531557
4818,2015-06-19,2015,6,05-Friday,05-Late Night Snack,1862.12,227,4.7573594488188995,8.120739763779527,1.7081755188248857
4818,2015-06-20,2015,6,06-Saturday,05-Late Night Snack,1806.750000000001,172,6.793420753375976,10.3376894100924,1.5207068137050124
4818,2015-06-21,2015,6,07-Sunday,05-Late Night Snack,1191.1699999999998,147,4.711271312083025,8.113340437361007,1.7628547810258297
4818,2015-06-22,2015,6,01-Monday,05-Late Night Snack,1105.21,141,5.0353661971831,7.840287726358147,1.5714995597169363
4818,2015-06-23,2015,6,02-Tuesday,05-Late Night Snack,1066.1700000000003,134,3.144896953405019,7.954193548387099,2.5326567172554126
4818,2015-06-24,2015,6,03-Wednesday,05-Late Night Snack,1148.7499999999998,143,3.252994893951296,8.061226433621368,2.494191766345941
4818,2015-06-25,2015,6,04-Thursday,05-Late Night Snack,1249.1,146,3.8730821917808216,8.555479452054795,2.1968592510603564
4818,2015-06-26,2015,6,05-Friday,05-Late Night Snack,1854.0900000000006,198,3.18750102543068,9.354259639048403,2.9769433639285214
4818,2015-06-27,2015,6,06-Saturday,05-Late Night Snack,1512.29,165,3.3754106029106032,9.132828927828928,2.7655239858118086
4818,2015-06-28,2015,6,07-Sunday,05-Late Night Snack,1163.7200000000003,137,3.212255863539445,8.50811087420043,2.6701664561821055
4818,2015-06-29,2015,6,01-Monday,05-Late Night Snack,1113.3200000000002,139,3.6128676162547126,7.883299120234604,2.2060580209601053
4818,2015-06-30,2015,6,02-Tuesday,05-Late Night Snack,1294.3600000000001,150,3.7700231275573737,8.646020281088775,2.290477692649403
4818,2015-07-01,2015,7,03-Wednesday,05-Late Night Snack,1316.3200000000002,176,3.521313444401395,7.47494382022472,2.165210889592249
4818,2015-07-02,2015,7,04-Thursday,05-Late Night Snack,1240.0200000000004,151,4.334859599859602,8.220200070200073,1.9184348826070368
4818,2015-07-03,2015,7,05-Friday,05-Late Night Snack,1748.0599999999997,188,3.424910501869264,9.28414297043163,2.7101703702276927
4818,2015-07-04,2015,7,06-Saturday,05-Late Night Snack,1764.9999999999995,184,3.694222599830076,9.536254399805799,2.6236071027877284
4818,2015-07-05,2015,7,07-Sunday,05-Late Night Snack,835.87,113,3.725340125391849,7.376700626959247,1.9959456151027068
4818,2015-07-06,2015,7,01-Monday,05-Late Night Snack,935.1200000000003,99,3.296230516817064,9.472157506152586,2.9104477552812025
4818,2015-07-07,2015,7,02-Tuesday,05-Late Night Snack,967.9400000000002,123,3.8505238726790436,7.885791777188329,2.0476183713413487
4818,2015-07-08,2015,7,03-Wednesday,05-Late Night Snack,741.0900000000001,97,3.741410912190963,7.672291133844844,2.057314653672614
4818,2015-07-09,2015,7,04-Thursday,05-Late Night Snack,1324.3899999999999,163,3.979472171808833,8.167692075015125,2.051793537935112
4818,2015-07-10,2015,7,05-Friday,05-Late Night Snack,1525.8400000000001,180,3.5106335380373475,8.47094122070435,2.425925140698876
4818,2015-07-11,2015,7,06-Saturday,05-Late Night Snack,1304.3899999999996,160,3.90900409384349,8.25564871673752,2.116076523372495
4818,2015-07-12,2015,7,07-Sunday,05-Late Night Snack,1206.0,146,2.6332880844645556,8.29863310708899,3.1483384089267084
4818,2015-07-13,2015,7,01-Monday,05-Late Night Snack,896.0200000000002,108,3.0688027444253865,8.311996569468269,2.707348895770634
4818,2015-07-14,2015,7,02-Tuesday,05-Late Night Snack,1156.8500000000001,140,3.8907857142857143,8.263214285714287,2.1285289687334847
4818,2015-07-15,2015,7,03-Wednesday,05-Late Night Snack,1132.12,131,3.974349906629319,8.622019140989728,2.1856832544469134
4818,2015-07-16,2015,7,04-Thursday,05-Late Night Snack,1115.2900000000002,135,3.112685352622061,8.387614150090418,2.6925722776539884
4818,2015-07-17,2015,7,05-Friday,05-Late Night Snack,1484.1199999999994,181,3.2461255894762973,8.247060685033505,2.562655648138665
4818,2015-07-18,2015,7,06-Saturday,05-Late Night Snack,1407.8900000000003,162,3.746089381207029,8.69823758594347,2.3240923110565657
4818,2015-07-19,2015,7,07-Sunday,05-Late Night Snack,1351.04,161,4.9227865989202915,8.480565258812323,1.7681757508645295
4818,2015-07-20,2015,7,01-Monday,05-Late Night Snack,946.0500000000001,119,3.9283124999999997,7.998669034090909,2.032973086705633
4818,2015-07-21,2015,7,02-Tuesday,05-Late Night Snack,968.6000000000001,123,2.9312097684923772,8.095828627893846,2.7571196750180524
4818,2015-07-22,2015,7,03-Wednesday,05-Late Night Snack,1131.08,139,3.578154244306419,8.130248447204968,2.298175961546236
4818,2015-07-23,2015,7,04-Thursday,05-Late Night Snack,1624.8699999999997,211,3.410158930828968,7.681727921256997,2.283072268197913
4818,2015-07-24,2015,7,05-Friday,05-Late Night Snack,1176.8199999999997,144,3.717472249269717,8.256574488802334,2.2255180224185067
4818,2015-07-25,2015,7,06-Saturday,05-Late Night Snack,1393.57,178,4.127924671385237,7.824469160768453,1.9074957298201152
4818,2015-07-26,2015,7,07-Sunday,05-Late Night Snack,1189.7799999999997,146,2.763954887218044,8.13006015037594,2.9584048262012037
4818,2015-07-27,2015,7,01-Monday,05-Late Night Snack,1011.8999999999999,131,3.346471482000934,7.74446002805049,2.329249937952105
4818,2015-07-28,2015,7,02-Tuesday,05-Late Night Snack,995.2400000000001,125,2.8680255607720393,8.077329160146062,2.815108239487303
4818,2015-07-29,2015,7,03-Wednesday,05-Late Night Snack,1545.85,174,4.966318199920353,8.885294703305455,1.8073285674517263
4818,2015-07-30,2015,7,04-Thursday,05-Late Night Snack,1147.65,142,3.0593911290322584,8.087528225806452,2.6644770424282695
4818,2015-07-31,2015,7,05-Friday,05-Late Night Snack,1539.1000000000004,172,3.6881976744186065,8.94825581395349,2.423328111942729
4818,2015-08-01,2015,8,06-Saturday,05-Late Night Snack,1293.4600000000005,151,4.11337640646976,8.598837904360057,2.1153454150300925
4818,2015-08-02,2015,8,07-Sunday,05-Late Night Snack,960.6700000000002,111,3.659,8.655159090909091,2.388806584999522
4818,2015-08-03,2015,8,01-Monday,05-Late Night Snack,806.6900000000002,106,3.419734848484849,7.9464053030303035,2.31285017760998
4818,2015-08-04,2015,8,02-Tuesday,05-Late Night Snack,1361.5899999999997,149,4.929425064599485,9.040219638242892,1.8544535498461872
4818,2015-08-05,2015,8,03-Wednesday,05-Late Night Snack,1133.05,138,3.2678253968253967,8.317933333333334,2.5322010416466103
4818,2015-08-06,2015,8,04-Thursday,05-Late Night Snack,1285.1599999999999,149,2.999446878422783,8.656973347937203,2.885925761839817
4818,2015-08-07,2015,8,05-Friday,05-Late Night Snack,1124.83,141,2.9419159919028353,8.04607995951417,2.7274561593768105
4818,2015-08-08,2015,8,06-Saturday,05-Late Night Snack,1445.4999999999995,169,3.5112219887955183,8.562781512605042,2.4175069551441153
4818,2015-08-09,2015,8,07-Sunday,05-Late Night Snack,878.2300000000002,113,2.780440438871473,7.788565830721006,2.805026440966485
4818,2015-08-10,2015,8,01-Monday,05-Late Night Snack,671.59,88,3.280441176470588,7.723545751633987,2.3544063525294603
4818,2015-08-11,2015,8,02-Tuesday,05-Late Night Snack,768.0999999999999,100,2.935833333333334,7.716624999999999,2.65025773217032
4818,2015-08-12,2015,8,03-Wednesday,05-Late Night Snack,900.9200000000001,114,3.272174450974327,7.910566037735849,2.425526343594207
4818,2015-08-13,2015,8,04-Thursday,05-Late Night Snack,994.2400000000004,126,3.325141129032259,7.891973286290325,2.388162012540124
4818,2015-08-14,2015,8,05-Friday,05-Late Night Snack,1448.48,165,3.6943422235540906,8.777606382978725,2.386649477802019
4818,2015-08-15,2015,8,06-Saturday,05-Late Night Snack,1247.56,159,4.7477466475095795,7.7096719348659,1.6095305663332966
4818,2015-08-16,2015,8,07-Sunday,05-Late Night Snack,890.0600000000002,108,3.4799365351629508,8.237409948542025,2.409742217201199
4818,2015-08-17,2015,8,01-Monday,05-Late Night Snack,620.98,87,3.592127027027026,7.114248648648649,1.9821810628329009
4818,2015-08-18,2015,8,02-Tuesday,05-Late Night Snack,579.0899999999999,75,2.979910714285714,7.7400892857142845,2.638340343166265
4818,2015-08-19,2015,8,03-Wednesday,05-Late Night Snack,774.9999999999999,120,3.487166666666666,6.458333333333332,1.8873982668282427
4818,2015-08-20,2015,8,04-Thursday,05-Late Night Snack,849.6900000000003,104,3.7818497965223834,8.179716981132078,2.1726941527063914
4818,2015-08-21,2015,8,05-Friday,05-Late Night Snack,1247.2700000000004,169,3.3284629941126997,7.365730305578922,2.2316008346340355
4818,2015-08-22,2015,8,06-Saturday,05-Late Night Snack,1121.8000000000002,131,4.5286561032863855,8.657411971830985,1.9036678454372948
4818,2015-08-23,2015,8,07-Sunday,05-Late Night Snack,941.9799999999998,98,4.539849812265331,9.606704213600334,2.2120125438825724
4818,2015-08-24,2015,8,01-Monday,05-Late Night Snack,808.32,98,3.995577472841623,12.018464837049743,2.9048506868028796
4818,2015-08-25,2015,8,02-Tuesday,05-Late Night Snack,657.6100000000001,96,2.889122766834631,7.0988570774164,2.4464421798750147
4818,2015-08-26,2015,8,03-Wednesday,05-Late Night Snack,819.2,100,3.0725000000000002,8.450166666666666,2.734208328036562
4818,2015-08-27,2015,8,04-Thursday,05-Late Night Snack,799.7100000000002,106,2.851982174688057,7.518475935828878,2.632614010760784
4818,2015-08-28,2015,8,05-Friday,05-Late Night Snack,1475.7500000000002,179,3.4054215421542153,5.468296686811539,1.621426395658771
4818,2015-08-29,2015,8,06-Saturday,05-Late Night Snack,1103.66,148,3.694714912280701,7.437149122807018,2.0088291701207543
4818,2015-08-30,2015,8,07-Sunday,05-Late Night Snack,735.7200000000001,93,3.563926886792453,8.123110849056603,2.3259291549002516
4818,2015-08-31,2015,8,01-Monday,05-Late Night Snack,694.96,77,3.765454545454546,9.185454545454546,2.434174722520587
4818,2015-09-01,2015,9,02-Tuesday,05-Late Night Snack,768.69,89,4.016795918367347,8.622321428571428,2.152923544450199
4818,2015-09-02,2015,9,03-Wednesday,05-Late Night Snack,782.57,98,3.758858901515151,7.886941287878789,2.1257109238893457
4818,2015-09-03,2015,9,04-Thursday,05-Late Night Snack,943.74,117,4.253956140350876,8.109118421052631,1.8920183582335413
4818,2015-09-04,2015,9,05-Friday,05-Late Night Snack,1200.51,138,3.6148277310924373,8.704911764705882,2.4073416042246607
4818,2015-09-05,2015,9,06-Saturday,05-Late Night Snack,1278.1499999999996,137,4.593581023454158,9.33036780383795,2.120297014010901
4818,2015-09-06,2015,9,07-Sunday,05-Late Night Snack,1028.9199999999996,116,4.588768028846154,8.794891826923074,1.9208732233944827
4818,2015-09-07,2015,9,01-Monday,05-Late Night Snack,628.5600000000002,77,3.5205357142857148,8.529948979591838,2.4145597990592824
4818,2015-09-08,2015,9,02-Tuesday,05-Late Night Snack,546.9300000000001,68,3.078863837312113,8.165548187444738,2.6656293991535596
4818,2015-09-09,2015,9,03-Wednesday,05-Late Night Snack,715.7499999999998,88,2.9828105263157902,8.255942105263156,2.7596788897112936
4818,2015-09-10,2015,9,04-Thursday,05-Late Night Snack,669.64,86,3.30204185520362,8.030390271493214,2.430484502681537
4818,2015-09-11,2015,9,05-Friday,05-Late Night Snack,1189.65,116,4.774922503725784,10.331789865871835,2.1542734789479354
4818,2015-09-12,2015,9,06-Saturday,05-Late Night Snack,1210.38,126,4.188229166666665,9.430040064102563,2.264681868097818
4818,2015-09-13,2015,9,07-Sunday,05-Late Night Snack,617.31,77,2.731054054054054,7.957621621621621,2.965897563264429
4818,2015-09-14,2015,9,01-Monday,05-Late Night Snack,707.39,78,5.149234728894989,9.214210706932054,1.7869060770692173
4818,2015-09-15,2015,9,02-Tuesday,05-Late Night Snack,702.33,85,4.077966200466201,8.555072843822842,2.1011303524390534
4818,2015-09-16,2015,9,03-Wednesday,05-Late Night Snack,660.39,77,4.63438725490196,8.44305882352941,1.8360922636788075
4818,2015-09-17,2015,9,04-Thursday,05-Late Night Snack,864.3499999999999,105,4.028289760348585,8.231672113289761,2.063597840148635
4818,2015-09-18,2015,9,05-Friday,05-Late Night Snack,1300.8,131,2.9369004185422103,7.082882413330174,2.14375342500225
4818,2015-09-19,2015,9,06-Saturday,05-Late Night Snack,1371.8000000000004,139,3.700972222222222,9.888479477611945,2.6952335291577625
4818,2015-09-20,2015,9,07-Sunday,05-Late Night Snack,623.27,68,4.511069264069263,9.174930735930737,2.098790320602564
4818,2015-09-21,2015,9,01-Monday,05-Late Night Snack,579.0,68,3.201711111111112,8.217377777777777,2.588259891128244
4818,2015-09-22,2015,9,02-Tuesday,05-Late Night Snack,528.76,68,3.6136883116883114,7.77787012987013,2.155072147463984
4818,2015-09-23,2015,9,03-Wednesday,05-Late Night Snack,778.5699999999999,96,3.706300653594771,8.117078431372551,2.198845265615418
4818,2015-09-24,2015,9,04-Thursday,05-Late Night Snack,820.95,89,3.6690566037735852,9.262248427672954,2.5848621849253455
4818,2015-09-25,2015,9,05-Friday,05-Late Night Snack,1238.8700000000003,132,6.077929965556832,9.397374282433985,1.5725390686831282
4818,2015-09-26,2015,9,06-Saturday,05-Late Night Snack,998.81,110,3.976101694915254,9.13352442671984,2.315149812661873
4818,2015-09-27,2015,9,07-Sunday,05-Late Night Snack,842.7800000000001,87,4.645596405228759,9.680359477124185,2.0856172225136786
4818,2015-09-28,2015,9,01-Monday,05-Late Night Snack,519.8800000000001,61,3.2836155606407327,8.641127002288332,2.6384482852291984
4818,2015-09-29,2015,9,02-Tuesday,05-Late Night Snack,731.2599999999998,86,3.3553143631436315,8.497262872628724,2.553303558498672
4818,2015-09-30,2015,9,03-Wednesday,05-Late Night Snack,626.84,76,4.490684523809524,8.247291666666666,1.8993551479000308
4818,2015-10-01,2015,10,04-Thursday,05-Late Night Snack,766.29,87,4.3414752747252745,8.571576923076922,2.0354547226631587
4818,2015-10-02,2015,10,05-Friday,05-Late Night Snack,1202.1800000000003,121,4.543244927536232,10.195837681159421,2.2467653582494087
4818,2015-10-03,2015,10,06-Saturday,05-Late Night Snack,802.5900000000001,98,3.911257861635221,8.228174004192873,2.117450835613692
4818,2015-10-04,2015,10,07-Sunday,05-Late Night Snack,538.9299999999998,53,4.673549107142857,10.686093749999998,2.262006557988652
4818,2015-10-05,2015,10,01-Monday,05-Late Night Snack,585.4999999999999,61,2.606569892473119,9.597801075268816,3.712227297657905
4818,2015-10-06,2015,10,02-Tuesday,05-Late Night Snack,540.9900000000001,54,2.822910238429173,10.443849929873775,3.6346822712706626
4818,2015-10-07,2015,10,03-Wednesday,05-Late Night Snack,625.04,71,3.6491091954022985,8.939527914614121,2.4629434908117886
4818,2015-10-08,2015,10,04-Thursday,05-Late Night Snack,902.96,84,4.323987414187643,10.991990846681922,2.5866137889412526
4818,2015-10-09,2015,10,05-Friday,05-Late Night Snack,1166.3399999999997,124,4.236726190476191,7.067774520255862,1.795483544755377
4818,2015-10-10,2015,10,06-Saturday,05-Late Night Snack,1000.1300000000001,103,3.34884820747521,9.844458428680397,2.932797129255576
4818,2015-10-11,2015,10,07-Sunday,05-Late Night Snack,681.47,86,3.38657473800331,7.930719801434087,2.344748641421977
4818,2015-10-12,2015,10,01-Monday,05-Late Night Snack,659.96,80,3.4692327365728897,8.340102301790283,2.4657462607889333
4818,2015-10-13,2015,10,02-Tuesday,05-Late Night Snack,781.1500000000001,63,3.2774944567627493,13.485781596452329,4.072819504723647
4818,2015-10-14,2015,10,03-Wednesday,05-Late Night Snack,638.0100000000002,73,3.35092062193126,8.718068739770867,2.602141896619583
4818,2015-10-15,2015,10,04-Thursday,05-Late Night Snack,824.25,85,3.117604875283447,9.857443310657597,3.153364090297424
4818,2015-10-16,2015,10,05-Friday,05-Late Night Snack,947.76,110,4.071798941798942,8.603154761904761,2.117564958718901
4818,2015-10-17,2015,10,06-Saturday,05-Late Night Snack,1022.98,118,3.5367614942528727,8.674433908045977,2.465003385970759
4818,2015-10-18,2015,10,07-Sunday,05-Late Night Snack,609.1899999999999,81,2.549818181818182,5.110533333333333,1.6161282223691682
4818,2015-10-19,2015,10,01-Monday,05-Late Night Snack,533.9600000000002,75,2.600010683760684,7.095491452991455,2.7299768622174554
4818,2015-10-20,2015,10,02-Tuesday,05-Late Night Snack,491.4,66,3.1474456521739134,7.534065217391303,2.412745349291299
4818,2015-10-21,2015,10,03-Wednesday,05-Late Night Snack,592.1200000000001,58,3.756593137254902,10.295208333333335,2.7694237785819746
4818,2015-10-22,2015,10,04-Thursday,05-Late Night Snack,656.1500000000002,81,3.5489290085679324,8.130064259485927,2.333476689282918
4818,2015-10-23,2015,10,05-Friday,05-Late Night Snack,1043.7000000000003,116,3.967872474747475,8.858005050505053,2.283349519099348
4818,2015-10-24,2015,10,06-Saturday,05-Late Night Snack,912.2900000000003,94,3.2735199485199487,13.484387065637065,5.844206721682887
4818,2015-10-25,2015,10,07-Sunday,05-Late Night Snack,635.21,78,3.0452691029900327,8.31365780730897,2.7332736154412665
4818,2015-10-26,2015,10,01-Monday,05-Late Night Snack,582.89,63,3.2270509977827047,9.375986696230598,2.9152273161621842
4818,2015-10-27,2015,10,02-Tuesday,05-Late Night Snack,489.03,59,3.9127355072463765,8.671823671497584,2.1942777400579327
4818,2015-10-28,2015,10,03-Wednesday,05-Late Night Snack,738.34,65,4.667179487179487,12.037499999999998,2.538295354849932
4818,2015-10-29,2015,10,04-Thursday,05-Late Night Snack,624.6500000000001,61,3.9505694444444455,11.141729166666668,2.8130811121433403
4818,2015-10-30,2015,10,05-Friday,05-Late Night Snack,936.62,100,3.091900471900471,9.753414843414841,3.1440448312123586
4818,2015-10-31,2015,10,06-Saturday,05-Late Night Snack,1236.7599999999998,132,3.2367625985192268,9.375082397898257,2.9290027549562514
4818,2015-11-01,2015,11,07-Sunday,05-Late Night Snack,431.61,47,4.791796536796537,9.097142857142858,1.9382816356151067
4818,2015-11-02,2015,11,01-Monday,05-Late Night Snack,362.67,49,2.9537275985663083,7.037571684587814,2.380169024969903
4818,2015-11-03,2015,11,02-Tuesday,05-Late Night Snack,495.17,54,2.997375939849624,10.081255639097744,3.2863699189191626
4818,2015-11-04,2015,11,03-Wednesday,05-Late Night Snack,414.00000000000006,50,4.166142857142857,7.530285714285714,1.8140934301285336
4818,2015-11-05,2015,11,04-Thursday,05-Late Night Snack,483.26,54,4.6582647058823525,9.408529411764706,2.0322711157140243
4818,2015-11-06,2015,11,05-Friday,05-Late Night Snack,536.81,64,3.468506787330317,8.2486802413273,2.4245294337485657
4818,2015-11-07,2015,11,06-Saturday,05-Late Night Snack,695.5099999999999,64,5.487666666666666,11.481708333333334,2.15358961826575
4818,2015-11-08,2015,11,07-Sunday,05-Late Night Snack,475.68,52,3.9597499999999997,9.3695625,2.377783244438839
4818,2015-11-09,2015,11,01-Monday,05-Late Night Snack,473.6899999999998,57,2.8181554878048782,8.441532012195122,3.0066231714877203
4818,2015-11-10,2015,11,02-Tuesday,05-Late Night Snack,258.20000000000005,28,4.676478260869565,9.528434782608697,2.72609558880165
4818,2015-11-11,2015,11,03-Wednesday,05-Late Night Snack,277.78,38,3.3743846153846153,7.441076923076922,2.203449806684581
4818,2015-11-12,2015,11,04-Thursday,05-Late Night Snack,445.17999999999995,57,4.5373018292682925,7.148346036585366,1.5612471681917264
4818,2015-11-13,2015,11,05-Friday,05-Late Night Snack,722.4500000000002,76,3.044909090909091,8.89419696969697,2.9150263180302414
4818,2015-11-14,2015,11,06-Saturday,05-Late Night Snack,929.33,97,3.716447245564892,9.340513538748834,2.5860456488847543
4818,2015-11-15,2015,11,07-Sunday,05-Late Night Snack,499.20000000000005,58,3.5920328282828287,8.88087121212121,2.5618529401540564
4818,2015-11-16,2015,11,01-Monday,05-Late Night Snack,223.69000000000005,21,3.153625,10.837562499999999,3.4831944905081182
4818,2015-11-17,2015,11,02-Tuesday,05-Late Night Snack,304.2,34,2.945528846153846,8.736057692307693,2.9710135121740104
4818,2015-11-18,2015,11,03-Wednesday,05-Late Night Snack,504.9399999999999,57,3.474800664451827,8.547151162790696,2.471324312103771
4818,2015-11-19,2015,11,04-Thursday,05-Late Night Snack,614.3699999999999,56,3.843024132730016,12.895558069381593,3.24325717308323
4818,2015-11-20,2015,11,05-Friday,05-Late Night Snack,392.16,38,3.1670303030303035,10.723030303030303,3.4085524220122774
4818,2015-11-21,2015,11,06-Saturday,05-Late Night Snack,688.76,73,3.4178347826086957,9.580086956521738,2.861731574019136
4818,2015-11-22,2015,11,07-Sunday,05-Late Night Snack,397.44,38,3.4946464646464643,10.205521885521886,2.968130789037672
4818,2015-11-23,2015,11,01-Monday,05-Late Night Snack,591.4699999999999,65,3.4915469348659003,9.127442528735632,2.631000486132736
4818,2015-11-24,2015,11,02-Tuesday,05-Late Night Snack,467.0,61,2.957305555555557,7.618683333333333,2.597129352757875
4818,2015-11-25,2015,11,03-Wednesday,05-Late Night Snack,552.1,53,3.2682653061224487,9.26237244897959,2.8194205809688926
4818,2015-11-27,2015,11,05-Friday,05-Late Night Snack,549.4500000000002,49,3.8611036036036035,11.276632882882883,2.938154339035959
4818,2015-11-28,2015,11,06-Saturday,05-Late Night Snack,474.63,57,3.26327242524917,7.298696013289037,2.4366565185534483
4818,2015-11-29,2015,11,07-Sunday,05-Late Night Snack,249.86999999999998,31,2.651533333333333,6.6516666666666655,2.4757072670050735
4818,2015-11-30,2015,11,01-Monday,05-Late Night Snack,661.53,48,3.4570303030303036,16.11463636363636,4.624870939929708
4818,2015-12-01,2015,12,02-Tuesday,05-Late Night Snack,546.7,46,2.891813186813187,16.30655677655678,5.544853945091278
4818,2015-12-02,2015,12,03-Wednesday,05-Late Night Snack,490.75000000000006,53,4.466640350877193,9.41051754385965,2.126848675943167
4818,2015-12-03,2015,12,04-Thursday,05-Late Night Snack,486.48,57,2.642648601398601,9.478243006993008,3.5613303149610314
4818,2015-12-04,2015,12,05-Friday,05-Late Night Snack,882.0,83,3.661622807017544,10.866126855600541,2.967437932120645
4818,2015-12-05,2015,12,06-Saturday,05-Late Night Snack,621.94,69,4.78125816993464,8.58359477124183,1.822994934753707
4818,2015-12-06,2015,12,07-Sunday,05-Late Night Snack,411.49,41,3.880212121212121,10.758060606060607,2.8677490929086678
4818,2015-12-07,2015,12,01-Monday,05-Late Night Snack,493.83000000000004,47,3.1502058823529406,11.251470588235293,3.5200074097180103
4818,2015-12-08,2015,12,02-Tuesday,05-Late Night Snack,652.99,62,2.788300438596491,10.880712719298247,3.9122265092948245
4818,2015-12-09,2015,12,03-Wednesday,05-Late Night Snack,519.7400000000002,56,3.8151023391812857,8.937368421052632,2.3358535581964763
4818,2015-12-10,2015,12,04-Thursday,05-Late Night Snack,556.8200000000002,72,3.4325192307692305,7.801269230769231,2.277966120335356
4818,2015-12-11,2015,12,05-Friday,05-Late Night Snack,973.4500000000002,84,3.5403819444444435,11.603645833333333,3.32447765854097
4818,2015-12-12,2015,12,06-Saturday,05-Late Night Snack,351.92,42,4.339444444444445,7.833939393939394,1.8853036992329042
4818,2015-12-13,2015,12,07-Sunday,05-Late Night Snack,495.12,51,4.031303088803089,9.549826254826254,2.398362864738017
4818,2015-12-14,2015,12,01-Monday,05-Late Night Snack,439.18999999999994,50,4.510952380952381,9.417321428571427,2.0768391871141354
4818,2015-12-15,2015,12,02-Tuesday,05-Late Night Snack,130.45,12,5.061111111111112,11.114999999999998,2.199559186637618
4818,2015-12-16,2015,12,03-Wednesday,05-Late Night Snack,384.61,41,3.656470588235294,9.818340336134453,2.9436632272505285
4818,2015-12-17,2015,12,04-Thursday,05-Late Night Snack,532.0100000000001,57,4.29594017094017,10.042735042735043,2.3218657534040856
4818,2015-12-18,2015,12,05-Friday,05-Late Night Snack,923.6199999999997,83,4.266102150537634,10.619907834101378,2.5047755009405215
4818,2015-12-19,2015,12,06-Saturday,05-Late Night Snack,822.7099999999998,72,5.704915057915057,11.38597297297297,1.9886330187104342
4818,2015-12-20,2015,12,07-Sunday,05-Late Night Snack,620.8299999999999,58,4.17729555236729,11.884555236728836,2.8385703368229986
4818,2015-12-22,2015,12,02-Tuesday,05-Late Night Snack,564.6999999999998,58,3.130581395348837,10.382093023255813,3.328970452446906
4818,2015-12-23,2015,12,03-Wednesday,05-Late Night Snack,823.4100000000001,85,4.310848484848485,10.07539393939394,2.34218763976328
4818,2015-12-26,2015,12,06-Saturday,05-Late Night Snack,356.06000000000006,36,2.8216666666666668,8.625666666666666,3.0208442965485216
4818,2015-12-27,2015,12,07-Sunday,05-Late Night Snack,324.92,29,4.218409090909091,12.401266233766233,2.932857374233987
4818,2015-12-28,2015,12,01-Monday,05-Late Night Snack,387.15999999999997,39,4.08,9.877199999999998,2.4216998556998552
4818,2015-12-29,2015,12,02-Tuesday,05-Late Night Snack,454.42,40,2.9617187499999997,12.25984375,4.248803501956492
4818,2015-12-30,2015,12,03-Wednesday,05-Late Night Snack,475.29999999999995,55,3.2099303405572766,9.077732198142414,2.830189924552269
4818,2015-12-31,2015,12,04-Thursday,05-Late Night Snack,427.6000000000001,37,4.480779569892473,12.225403225806453,2.845010357420161
4818,2016-01-01,2016,1,05-Friday,05-Late Night Snack,585.1599999999999,57,3.688309523809524,10.82590476190476,2.9327287486099882
4818,2016-01-02,2016,1,06-Saturday,05-Late Night Snack,910.7900000000002,82,4.6711471471471455,11.080657657657659,2.394119396654583
4818,2016-01-03,2016,1,07-Sunday,05-Late Night Snack,421.68000000000006,53,3.006486928104575,8.161037581699347,2.8144083655113166
4818,2016-01-04,2016,1,01-Monday,05-Late Night Snack,401.72,48,2.7401851851851853,8.545873015873017,3.127703115571353
4818,2016-01-05,2016,1,02-Tuesday,05-Late Night Snack,348.17,42,3.469281524926686,8.917991202346041,2.5722628237173213
4818,2016-01-06,2016,1,03-Wednesday,05-Late Night Snack,474.57000000000016,55,3.7939551083591336,8.61090557275542,2.2768549539361516
4818,2016-01-07,2016,1,04-Thursday,05-Late Night Snack,392.47999999999996,43,3.716847290640395,9.396145320197043,2.5264666465281804
4818,2016-01-08,2016,1,05-Friday,05-Late Night Snack,596.23,57,3.649166666666666,10.915904761904761,2.9879293416443504
4818,2016-01-09,2016,1,06-Saturday,05-Late Night Snack,602.2400000000001,61,3.5239211886304913,10.418649870801033,3.029643870443608
4818,2016-01-10,2016,1,07-Sunday,05-Late Night Snack,296.49,28,4.549696969696969,12.304469696969697,2.6786415256559364
4818,2016-01-11,2016,1,01-Monday,05-Late Night Snack,623.1199999999999,62,6.440088383838383,10.776060606060605,1.7315090694500306
4818,2016-01-12,2016,1,02-Tuesday,05-Late Night Snack,435.88999999999993,47,3.1462247474747476,9.501313131313132,3.1239352444295236
4818,2016-01-13,2016,1,03-Wednesday,05-Late Night Snack,489.20000000000016,56,3.6715555555555555,8.34066666666667,2.2727880127165836
4818,2016-01-14,2016,1,04-Thursday,05-Late Night Snack,514.09,55,2.8986687306501553,9.497430340557278,3.2751704962089643
4818,2016-01-15,2016,1,05-Friday,05-Late Night Snack,573.0100000000001,65,4.812261029411765,8.863327205882353,1.881432361526938
4818,2016-01-16,2016,1,06-Saturday,05-Late Night Snack,666.49,64,7.635234604105571,10.450610948191594,1.3662772897139397
4818,2016-01-17,2016,1,07-Sunday,05-Late Night Snack,547.1799999999998,44,4.734603174603175,12.180730158730157,2.9661843268301746
4818,2016-01-18,2016,1,01-Monday,05-Late Night Snack,468.99,50,3.301525735294118,9.143272058823527,2.7863637836836865
4818,2016-01-19,2016,1,02-Tuesday,05-Late Night Snack,476.16999999999996,57,4.188051948051948,8.48677272727273,2.027786354699453
4818,2016-01-20,2016,1,03-Wednesday,05-Late Night Snack,350.03,43,3.9286190476190477,8.453416666666666,2.143782785822069
4818,2016-01-21,2016,1,04-Thursday,05-Late Night Snack,511.71000000000004,60,3.4572222222222218,8.857430555555556,2.54146714172551
4818,2016-01-22,2016,1,05-Friday,05-Late Night Snack,717.07,69,5.452623820754717,11.436715801886793,2.0922562680992467
4818,2016-01-23,2016,1,06-Saturday,05-Late Night Snack,742.32,85,4.423183831672204,8.726733111849391,1.9826480633190977
4818,2016-01-24,2016,1,07-Sunday,05-Late Night Snack,532.46,47,3.5456766917293225,11.76109022556391,3.3045460708571808
4818,2016-01-25,2016,1,01-Monday,05-Late Night Snack,412.31,49,3.719558823529412,8.646450980392157,2.32186209761437
4818,2016-01-26,2016,1,02-Tuesday,05-Late Night Snack,325.34000000000003,41,2.7720641025641024,7.882846153846154,2.8556482037945505
4818,2016-01-27,2016,1,03-Wednesday,05-Late Night Snack,380.32,41,4.572472527472527,9.342664835164836,2.043981798588569
4818,2016-01-28,2016,1,04-Thursday,05-Late Night Snack,485.7300000000001,58,5.997626262626262,8.408131313131314,1.4085749460446655
4818,2016-01-29,2016,1,05-Friday,05-Late Night Snack,954.2899999999997,89,5.400719387755102,10.92985459183673,2.006913573220225
4818,2016-01-30,2016,1,06-Saturday,05-Late Night Snack,514.24,55,3.2701550387596896,9.625038759689923,2.975288450402746
4818,2016-01-31,2016,1,07-Sunday,05-Late Night Snack,338.62,32,5.180971659919027,10.257044534412955,1.9842740426969816
4818,2016-02-01,2016,2,01-Monday,05-Late Night Snack,206.68,20,2.8659375000000002,9.5140625,3.3110616851714187
4818,2016-02-02,2016,2,02-Tuesday,05-Late Night Snack,360.47,36,3.091722408026756,10.303361204013378,3.383401782450666
4818,2016-02-03,2016,2,03-Wednesday,05-Late Night Snack,447.58,47,3.389202380952381,9.386738095238094,2.790354662500624
4818,2016-02-04,2016,2,04-Thursday,05-Late Night Snack,534.4300000000001,49,4.470460784313725,11.55849019607843,2.585938909339682
4818,2016-02-05,2016,2,05-Friday,05-Late Night Snack,1099.61,91,4.751517857142857,11.942589285714284,2.5120920555025146
4818,2016-02-06,2016,2,06-Saturday,05-Late Night Snack,745.27,64,4.1775,11.979124999999996,2.885724008222636
4818,2016-02-07,2016,2,07-Sunday,05-Late Night Snack,454.57,46,4.0831744421906695,9.210354969574034,2.212085860811201
4818,2016-02-08,2016,2,01-Monday,05-Late Night Snack,452.45,47,4.128434065934067,9.66808608058608,2.347291704846814
4818,2016-02-09,2016,2,02-Tuesday,05-Late Night Snack,579.9799999999998,53,4.285550595238096,11.304337797619045,2.6412811784919175
4818,2016-02-10,2016,2,03-Wednesday,05-Late Night Snack,438.7199999999999,50,4.480717255717256,9.369480249480247,2.0956085707693832
4818,2016-02-11,2016,2,04-Thursday,05-Late Night Snack,764.4800000000002,94,3.7805863636363632,8.129913636363638,2.1970291861258713
4818,2016-02-12,2016,2,05-Friday,05-Late Night Snack,1233.66,110,5.830746021220158,11.258633952254643,1.9307971772985368
4818,2016-02-13,2016,2,06-Saturday,05-Late Night Snack,981.98,102,4.70037214137214,10.12975051975052,2.1386506086359063
4818,2016-02-14,2016,2,07-Sunday,05-Late Night Snack,606.6,59,5.202848837209302,10.618626453488371,2.0385769678799477
4818,2016-02-15,2016,2,01-Monday,05-Late Night Snack,639.3600000000001,76,2.719054834054834,11.044776334776335,10.225595552026926
4818,2016-02-16,2016,2,02-Tuesday,05-Late Night Snack,472.55999999999995,54,4.225178571428572,9.737916666666665,2.296394468992303
4818,2016-02-17,2016,2,03-Wednesday,05-Late Night Snack,442.17999999999995,46,3.607219047619048,9.722571428571428,2.683925517378898
4818,2016-02-18,2016,2,04-Thursday,05-Late Night Snack,534.6500000000001,54,3.759639097744362,10.332834586466166,2.734817633882762
4818,2016-02-19,2016,2,05-Friday,05-Late Night Snack,877.2099999999998,98,4.3466498161764715,8.98346507352941,2.070539336171794
4818,2016-02-20,2016,2,06-Saturday,05-Late Night Snack,895.5799999999999,89,4.797338624338624,10.138825396825396,2.2655690884392032
4818,2016-02-21,2016,2,07-Sunday,05-Late Night Snack,489.36,48,4.003214285714286,10.196428571428571,2.547315585526512
4818,2016-02-22,2016,2,01-Monday,05-Late Night Snack,592.1199999999999,60,4.364785067873303,10.080090497737555,2.296453877964928
4818,2016-02-23,2016,2,02-Tuesday,05-Late Night Snack,420.98,43,4.162789351851852,9.567129629629628,2.3650440502491725
4818,2016-02-24,2016,2,03-Wednesday,05-Late Night Snack,588.7999999999998,60,5.30197217675941,10.569476268412437,2.0007418947456292
4818,2016-02-25,2016,2,04-Thursday,05-Late Night Snack,627.2199999999999,69,4.2982564102564105,9.215743589743589,2.1874830292168994
4818,2016-02-26,2016,2,05-Friday,05-Late Night Snack,983.1099999999999,100,4.1001436781609195,9.970357142857143,2.4287453361196385
4818,2016-02-27,2016,2,06-Saturday,05-Late Night Snack,926.6800000000001,116,4.336159029649596,8.048089248277929,2.047937601904388
4818,2016-02-28,2016,2,07-Sunday,05-Late Night Snack,637.5700000000002,74,4.321279411764705,8.69419117647059,2.0057107275932613
4818,2016-02-29,2016,2,01-Monday,05-Late Night Snack,500.64,56,5.476516516516516,12.204304304304308,2.4915726536797
4818,2016-03-01,2016,3,02-Tuesday,05-Late Night Snack,579.75,65,4.633725000000002,9.32355,2.009097835853528
4818,2016-03-02,2016,3,03-Wednesday,05-Late Night Snack,768.09,85,2.627374686716792,9.065808270676694,3.4509167144210524
4818,2016-03-03,2016,3,04-Thursday,05-Late Night Snack,744.7899999999997,79,3.2613025210084032,9.866008403361342,3.01995201752093
4818,2016-03-04,2016,3,05-Friday,05-Late Night Snack,999.79,104,3.598713747645951,9.546551789077212,2.6915913588015163
4818,2016-03-05,2016,3,06-Saturday,05-Late Night Snack,935.9299999999998,107,4.381589473684211,8.747549122807015,1.9964389601024615
4818,2016-03-06,2016,3,07-Sunday,05-Late Night Snack,595.54,72,3.1948725868725862,8.248548262548262,2.5859890480142464
4818,2016-03-07,2016,3,01-Monday,05-Late Night Snack,459.9300000000001,46,3.552187499999999,9.991104166666668,2.821290020347983
4818,2016-03-08,2016,3,02-Tuesday,05-Late Night Snack,481.97,59,2.8164743589743595,8.864314102564101,3.1078370327761737
4818,2016-03-09,2016,3,03-Wednesday,05-Late Night Snack,722.0600000000004,79,3.4294547872340413,9.609498005319153,2.821779930106624
4818,2016-03-10,2016,3,04-Thursday,05-Late Night Snack,508.56000000000006,60,2.6083333333333334,8.475999999999999,3.257778760360614
4818,2016-03-11,2016,3,05-Friday,05-Late Night Snack,989.4199999999998,113,3.109258730158729,8.844625396825396,2.841758249972565
4818,2016-03-12,2016,3,06-Saturday,05-Late Night Snack,844.8199999999999,101,4.053110047846889,8.43844298245614,2.0795801577716926
4818,2016-03-13,2016,3,07-Sunday,05-Late Night Snack,776.9399999999998,74,3.3661111111111106,9.607574074074073,2.840060573227654
4818,2016-03-14,2016,3,01-Monday,05-Late Night Snack,687.19,79,3.6456793478260874,9.312259316770186,2.5724631513929896
4818,2016-03-15,2016,3,02-Tuesday,05-Late Night Snack,681.5500000000002,77,3.8738064295485635,8.868030095759234,2.4694543824061306
4818,2016-03-16,2016,3,03-Wednesday,05-Late Night Snack,745.72,88,3.476848484848485,8.498606060606061,2.4462142698818163
4818,2016-03-17,2016,3,04-Thursday,05-Late Night Snack,563.6800000000001,72,2.4845429666119316,5.198065134099616,1.5560155290749476
4818,2016-03-18,2016,3,05-Friday,05-Late Night Snack,940.54,95,3.536989468864468,10.181549908424909,2.861611596942018
4818,2016-03-19,2016,3,06-Saturday,05-Late Night Snack,1172.2800000000002,131,4.045553864168618,8.994196721311477,2.2240551292591206
4818,2016-03-20,2016,3,07-Sunday,05-Late Night Snack,1052.1200000000001,80,5.750352900069881,14.334849755415792,2.459836063622493
4818,2016-03-21,2016,3,01-Monday,05-Late Night Snack,877.06,105,4.001089324618737,8.361574074074072,2.0923260834896134
4818,2016-03-22,2016,3,02-Tuesday,05-Late Night Snack,484.0,73,2.8205580693815984,6.683371040723983,2.365770940021118
4818,2016-03-23,2016,3,03-Wednesday,05-Late Night Snack,63.160000000000004,7,2.92125,9.134583333333333,3.1762896046085363
4818,2016-03-24,2016,3,04-Thursday,05-Late Night Snack,735.2599999999999,80,4.445394736842106,9.193245614035089,2.1705401060062446
4818,2016-03-25,2016,3,05-Friday,05-Late Night Snack,910.8500000000004,103,4.1436954022988495,8.936036398467435,2.169976004120424
4818,2016-03-26,2016,3,06-Saturday,05-Late Night Snack,758.2699999999998,86,3.6124531155474893,8.63156382335148,2.3954248422259403
4818,2016-03-27,2016,3,07-Sunday,05-Late Night Snack,599.5900000000001,77,3.9053114035087733,8.021092105263158,2.055346433774945
4818,2016-03-28,2016,3,01-Monday,05-Late Night Snack,628.5800000000002,71,3.2292103174603177,8.842226190476191,2.733195964416116
4818,2016-03-29,2016,3,02-Tuesday,05-Late Night Snack,549.8400000000001,68,3.5987121212121203,8.339564393939396,2.32346316414649
4818,2016-03-30,2016,3,03-Wednesday,05-Late Night Snack,714.2,72,3.30437037037037,10.452666666666667,3.18284951690237
4818,2016-03-31,2016,3,04-Thursday,05-Late Night Snack,768.7900000000002,67,3.9237570356472795,11.364957786116324,2.8952455063765523
4818,2016-04-01,2016,4,05-Friday,05-Late Night Snack,1353.1000000000004,133,4.176484622342832,10.17147218453189,2.4571883098467877
4818,2016-04-02,2016,4,06-Saturday,05-Late Night Snack,1387.8400000000001,148,4.241190344573431,9.421953196978073,2.2329522220733473
4818,2016-04-03,2016,4,07-Sunday,05-Late Night Snack,829.3700000000002,104,4.435693032015066,7.929990583804143,1.791743055851648
4818,2016-04-04,2016,4,01-Monday,05-Late Night Snack,800.5400000000003,92,4.352184275184275,8.983877149877152,2.0553553278413563
4818,2016-04-05,2016,4,02-Tuesday,05-Late Night Snack,666.2800000000002,81,3.6330496894409943,8.259708074534164,2.2730441824887397
4818,2016-04-06,2016,4,03-Wednesday,05-Late Night Snack,779.8999999999999,83,4.072770270270271,9.302878965922442,2.2958121193525622
4818,2016-04-07,2016,4,04-Thursday,05-Late Night Snack,746.1600000000001,101,3.6013855661881986,7.370721690590113,2.046929095757919
4818,2016-04-08,2016,4,05-Friday,05-Late Night Snack,1246.2400000000005,143,3.143695098039215,8.717437254901963,2.776778602600812
4818,2016-04-09,2016,4,06-Saturday,05-Late Night Snack,1056.14,128,3.737105332282637,8.435823483057526,2.26218119743647
4818,2016-04-10,2016,4,07-Sunday,05-Late Night Snack,563.48,71,4.296466165413534,7.741309523809525,1.8017971366290944
4818,2016-04-11,2016,4,01-Monday,05-Late Night Snack,702.6600000000002,92,3.684926900584796,7.60334307992203,2.1048596980601904
4818,2016-04-12,2016,4,02-Tuesday,05-Late Night Snack,652.5800000000002,77,3.612058029689609,8.471184210526317,2.346784040941608
4818,2016-04-13,2016,4,03-Wednesday,05-Late Night Snack,799.3100000000002,109,2.6048968531468537,7.340068181818184,2.8206345874530445
4818,2016-04-14,2016,4,04-Thursday,05-Late Night Snack,749.4200000000001,97,3.480864864864865,7.620815315315316,2.2060784885974725
4818,2016-04-15,2016,4,05-Friday,05-Late Night Snack,897.64,103,3.306850303951368,8.789354103343465,2.652713077781284
4818,2016-04-16,2016,4,06-Saturday,05-Late Night Snack,457.38,47,4.591140350877193,10.154049707602338,2.2119218391282938
4818,2016-04-17,2016,4,07-Sunday,05-Late Night Snack,411.47000000000014,53,3.5751428571428576,7.6294126984126995,2.1410843700126536
4818,2016-04-18,2016,4,01-Monday,05-Late Night Snack,587.6100000000001,75,4.51561872909699,7.991918896321071,1.770837758398933
4818,2016-04-19,2016,4,02-Tuesday,05-Late Night Snack,754.81,87,4.352208657047726,8.739539400665926,2.008523454932403
4818,2016-04-20,2016,4,03-Wednesday,05-Late Night Snack,1102.4800000000002,111,4.5089264705882375,9.971274509803923,2.234553004544109
4818,2016-04-21,2016,4,04-Thursday,05-Late Night Snack,932.7100000000003,110,3.478550018057061,8.69443300830625,2.5356751098428107
4818,2016-04-22,2016,4,05-Friday,05-Late Night Snack,1369.5300000000002,169,3.3256446629213476,8.130438202247191,2.445877565551725
4818,2016-04-23,2016,4,06-Saturday,05-Late Night Snack,1439.2100000000005,152,4.38908380681818,9.451477272727276,2.1538381517069514
4818,2016-04-24,2016,4,07-Sunday,05-Late Night Snack,809.2499999999998,93,4.188418660287081,8.45811722488038,2.0258488616414896
4818,2016-04-25,2016,4,01-Monday,05-Late Night Snack,697.5500000000002,96,4.9718333333333335,7.2578055555555565,1.464979288413164
4818,2016-04-26,2016,4,02-Tuesday,05-Late Night Snack,716.05,88,3.626636363636364,8.340454545454545,2.317234458246926
4818,2016-04-27,2016,4,03-Wednesday,05-Late Night Snack,728.1599999999999,92,3.8156808035714285,7.691852678571427,2.014849299903976
4818,2016-04-28,2016,4,04-Thursday,05-Late Night Snack,658.87,71,4.747028571428571,9.496709523809525,2.0525500035935975
4818,2016-04-29,2016,4,05-Friday,05-Late Night Snack,878.8100000000002,90,4.0097499999999995,9.649833333333335,2.421122512436215
4818,2016-04-30,2016,4,06-Saturday,05-Late Night Snack,931.5200000000002,108,4.694080086580088,8.77051948051948,1.878565475890507
4818,2016-05-01,2016,5,07-Sunday,05-Late Night Snack,846.6600000000002,81,4.194074074074074,10.060740740740744,2.399532550869562
4818,2016-05-02,2016,5,01-Monday,05-Late Night Snack,623.1099999999999,88,3.04140826873385,7.069713178294574,2.324866020253451
4818,2016-05-03,2016,5,02-Tuesday,05-Late Night Snack,739.1600000000003,88,4.310439353099731,8.61625336927224,1.9943507318601745
4818,2016-05-04,2016,5,03-Wednesday,05-Late Night Snack,871.2000000000002,102,4.620901039661147,8.51582595302272,1.8481467148907469
4818,2016-05-05,2016,5,04-Thursday,05-Late Night Snack,1097.4400000000005,115,3.973512677798393,9.529749536178109,2.3992235654339944
4818,2016-05-06,2016,5,05-Friday,05-Late Night Snack,1492.8700000000006,143,3.8508326787117038,10.351933424980365,2.690626855648712
4818,2016-05-07,2016,5,06-Saturday,05-Late Night Snack,1163.65,125,4.513579756226815,9.14797694753577,2.074087080802842
4818,2016-05-08,2016,5,07-Sunday,05-Late Night Snack,569.6100000000001,68,3.0174122807017545,8.416412280701756,2.8294552328401448
4818,2016-05-09,2016,5,01-Monday,05-Late Night Snack,779.5700000000002,90,3.366650000000001,8.655575,2.5723680867092185
4818,2016-05-10,2016,5,02-Tuesday,05-Late Night Snack,1027.71,97,3.339085106382979,10.617472340425532,3.194942768603368
4818,2016-05-11,2016,5,03-Wednesday,05-Late Night Snack,642.31,87,3.558790849673204,7.370563725490197,2.084511513885503
4818,2016-05-12,2016,5,04-Thursday,05-Late Night Snack,883.7100000000002,101,3.290015364354697,8.952076382791923,2.7253726324684195
4818,2016-05-13,2016,5,05-Friday,05-Late Night Snack,1403.4199999999994,160,3.52742808005003,8.779737335834893,2.634392496845769
4818,2016-05-14,2016,5,06-Saturday,05-Late Night Snack,1191.3400000000001,117,7.2469230769230775,10.23619230769231,1.508803680776238
4818,2016-05-15,2016,5,07-Sunday,05-Late Night Snack,745.3100000000002,90,3.0599847016828154,8.154734829168794,2.667371447434566
4818,2016-05-16,2016,5,01-Monday,05-Late Night Snack,661.5500000000001,79,2.925010204081632,8.36479931972789,2.8654567862735023
4818,2016-05-17,2016,5,02-Tuesday,05-Late Night Snack,798.1599999999999,83,3.662304894179895,10.388257275132275,2.90491979927492
4818,2016-05-18,2016,5,03-Wednesday,05-Late Night Snack,920.4900000000002,112,4.099090270460135,8.629253600280999,2.113800914339323
4818,2016-05-19,2016,5,04-Thursday,05-Late Night Snack,945.7099999999998,113,2.9188652482269504,8.344742101869763,2.860215176457989
4818,2016-05-20,2016,5,05-Friday,05-Late Night Snack,1518.13,181,3.8530796038151145,8.351008192712158,2.1899029841012734
4818,2016-05-21,2016,5,06-Saturday,05-Late Night Snack,1978.11,212,4.181646107088585,9.298188522392062,2.285753686584226
4818,2016-05-22,2016,5,07-Sunday,05-Late Night Snack,1020.1199999999999,122,4.1149180327868855,8.361639344262294,2.031350346130691
4818,2016-05-23,2016,5,01-Monday,05-Late Night Snack,991.9700000000003,119,4.6376623188405794,8.178171014492754,1.7619964225326297
4818,2016-05-24,2016,5,02-Tuesday,05-Late Night Snack,831.2100000000002,118,3.3970258620689657,7.0464051724137935,2.1791956047143044
4818,2016-05-25,2016,5,03-Wednesday,05-Late Night Snack,1114.0500000000002,124,5.72234243697479,8.96390231092437,1.623091880852349
4818,2016-05-26,2016,5,04-Thursday,05-Late Night Snack,685.6900000000002,77,4.235379616963064,9.17281121751026,2.133755427660633
4818,2016-05-27,2016,5,05-Friday,05-Late Night Snack,1317.0000000000002,143,4.063674509803921,9.215159803921573,2.30512796404397
4818,2016-05-28,2016,5,06-Saturday,05-Late Night Snack,1256.9399999999996,133,3.8398650793650795,9.45465079365079,2.4622889901816194
4818,2016-05-29,2016,5,07-Sunday,05-Late Night Snack,1298.2300000000002,145,4.289681400688862,8.895582663605053,2.1044885231418933
4818,2016-05-30,2016,5,01-Monday,05-Late Night Snack,1026.5199999999995,107,4.058964530892448,9.512370327993894,2.362913492075867
4818,2016-05-31,2016,5,02-Tuesday,05-Late Night Snack,1201.4099999999999,139,3.3140183792815368,8.701213450292396,2.622294271005077
4818,2016-06-01,2016,6,03-Wednesday,05-Late Night Snack,1168.7300000000002,140,5.836318591318591,8.327856265356266,1.4927574506076833
4818,2016-06-02,2016,6,04-Thursday,05-Late Night Snack,1340.4900000000005,141,3.7010602678571427,9.512416801948053,2.6043615022713773
4818,2016-06-03,2016,6,05-Friday,05-Late Night Snack,1403.62,168,3.7002499999999996,8.332698863636363,2.2502336593337287
4818,2016-06-04,2016,6,06-Saturday,05-Late Night Snack,1591.12,175,5.596088815789473,9.057161184210525,1.641004258008532
4818,2016-06-05,2016,6,07-Sunday,05-Late Night Snack,944.03,124,4.844404388714733,7.5955459770114935,1.6234735516917382
4818,2016-06-06,2016,6,01-Monday,05-Late Night Snack,762.66,84,3.5048571428571433,8.948897959183675,2.5782168965333945
4818,2016-06-07,2016,6,02-Tuesday,05-Late Night Snack,976.5100000000002,129,4.389678018575852,7.5856640866873075,1.821254079265436
4818,2016-06-08,2016,6,03-Wednesday,05-Late Night Snack,1399.4800000000005,160,6.8818865350666005,8.68140105922003,1.2718105242423325
4818,2016-06-09,2016,6,04-Thursday,05-Late Night Snack,1241.7699999999998,141,5.13497280419017,8.791968170829975,1.7562176120495463
4818,2016-06-10,2016,6,05-Friday,05-Late Night Snack,1646.63,201,3.8146669317955846,8.195158083117917,2.1701038904102665
4818,2016-06-11,2016,6,06-Saturday,05-Late Night Snack,1564.4600000000003,198,5.7198622981956335,7.780902184235519,1.4950463844580288
4818,2016-06-12,2016,6,07-Sunday,05-Late Night Snack,1118.83,131,4.239525641025642,8.529587412587412,2.0420583845580214
4818,2016-06-13,2016,6,01-Monday,05-Late Night Snack,772.94,87,3.645194594594595,8.986640540540542,2.4656550721626136
4818,2016-06-14,2016,6,02-Tuesday,05-Late Night Snack,1290.8799999999997,163,4.025646473779386,7.916905515370702,1.99071133371673
4818,2016-06-15,2016,6,03-Wednesday,05-Late Night Snack,1334.2100000000007,156,3.75772757475083,8.56633720930233,2.2845554324272475
4818,2016-06-16,2016,6,04-Thursday,05-Late Night Snack,1301.0400000000002,167,2.8760076237054086,7.830349539700807,2.743191454890235
4818,2016-06-17,2016,6,05-Friday,05-Late Night Snack,1741.5099999999998,205,4.825122530027119,8.505513851220456,1.8665600148811312
4818,2016-06-18,2016,6,06-Saturday,05-Late Night Snack,1957.7200000000007,220,3.9987102396514165,9.033342047930287,2.2749542509958944
4818,2016-06-19,2016,6,07-Sunday,05-Late Night Snack,1303.2700000000002,151,3.682177390998593,8.594052390998595,2.3297137384978344
4818,2016-06-20,2016,6,01-Monday,05-Late Night Snack,1183.0800000000002,151,3.3026781326781327,7.826280273780274,2.403265490648546
4818,2016-06-21,2016,6,02-Tuesday,05-Late Night Snack,1101.2300000000005,135,4.215813160211268,8.147542913732398,1.963074360056556
4818,2016-06-22,2016,6,03-Wednesday,05-Late Night Snack,1178.26,135,4.552390704095721,8.698904739990795,1.9771733584017859
4818,2016-06-23,2016,6,04-Thursday,05-Late Night Snack,1409.6200000000003,171,3.8533036739380027,8.405061710677384,2.195688887756988
4818,2016-06-24,2016,6,05-Friday,05-Late Night Snack,1781.9400000000005,218,3.955691403254664,8.214951861634152,2.0975216444767852
4818,2016-06-25,2016,6,06-Saturday,05-Late Night Snack,1659.6,187,3.5307481125600555,8.876163921299472,2.514729996711652
4818,2016-06-26,2016,6,07-Sunday,05-Late Night Snack,1221.4900000000002,143,2.971485294117647,8.575949019607844,2.881765687082128
4818,2016-06-27,2016,6,01-Monday,05-Late Night Snack,1575.7500000000005,173,4.644447799248523,9.11043411164788,1.9616157295529915
4818,2016-06-28,2016,6,02-Tuesday,05-Late Night Snack,1206.1599999999999,133,5.087126358695652,9.083179347826086,1.78910316257501
4818,2016-06-29,2016,6,03-Wednesday,05-Late Night Snack,1314.2100000000005,153,4.251198412698413,8.730833333333335,2.0978674517103753
4818,2016-06-30,2016,6,04-Thursday,05-Late Night Snack,1185.94,144,3.500785603715171,8.247554179566563,2.355525250982219
4818,2016-07-01,2016,7,05-Friday,05-Late Night Snack,1843.2900000000004,202,4.243826687879089,9.108967385900367,2.165200364574596
4818,2016-07-02,2016,7,06-Saturday,05-Late Night Snack,1692.24,182,4.456380952380952,9.266199134199134,2.1057273280630646
4818,2016-07-03,2016,7,07-Sunday,05-Late Night Snack,1325.0699999999997,142,3.1122535211267612,9.331478873239437,3.0273234360258408
4818,2016-07-04,2016,7,01-Monday,05-Late Night Snack,1760.710000000001,195,3.68539164941339,9.119297791580404,2.475501296510595
4818,2016-07-05,2016,7,02-Tuesday,05-Late Night Snack,1167.3600000000001,149,3.5908996005809737,7.879280137981118,2.221714371295692
4818,2016-07-06,2016,7,03-Wednesday,05-Late Night Snack,1178.5899999999997,155,3.3939327731092432,7.581827731092437,2.2417993181060485
4818,2016-07-07,2016,7,04-Thursday,05-Late Night Snack,1310.5700000000002,181,3.8893331704934053,7.2348186370298,1.893400564715889
4818,2016-07-08,2016,7,05-Friday,05-Late Night Snack,1897.6000000000008,199,4.002026107273466,9.53115095489639,2.4671978152127148
4818,2016-07-09,2016,7,06-Saturday,05-Late Night Snack,1733.79,205,3.234799016772702,8.442797860034702,2.6100162476817594
4818,2016-07-10,2016,7,07-Sunday,05-Late Night Snack,1284.62,165,4.366249999999999,7.7925264550264535,1.8331316297064644
4818,2016-07-11,2016,7,01-Monday,05-Late Night Snack,1046.79,135,4.013879120879121,7.7329505494505515,1.923960827534112
4818,2016-07-12,2016,7,02-Tuesday,05-Late Night Snack,1321.7600000000002,155,4.255044970019986,8.50987341772152,2.0208239221948263
4818,2016-07-13,2016,7,03-Wednesday,05-Late Night Snack,1041.03,133,3.1440572467060424,7.889976147205817,2.5060889357318645
4818,2016-07-14,2016,7,04-Thursday,05-Late Night Snack,1357.7100000000005,163,3.847550118926266,8.644672952769286,2.2898438330781055
4818,2016-07-15,2016,7,05-Friday,05-Late Night Snack,1949.0999999999995,202,3.934790153349476,9.609499596448746,2.4708027617390087
4818,2016-07-16,2016,7,06-Saturday,05-Late Night Snack,1768.51,202,3.7034977865223806,8.719363010329563,2.4197553479225093
4818,2016-07-17,2016,7,07-Sunday,05-Late Night Snack,1491.6900000000005,173,4.322680577849118,8.635985821294813,2.091786561788308
4818,2016-07-18,2016,7,01-Monday,05-Late Night Snack,982.2300000000002,118,2.932235209235209,8.256670995670998,2.8208618269011803
4818,2016-07-19,2016,7,02-Tuesday,05-Late Night Snack,838.5400000000003,118,3.1848712320749195,7.209707345624819,2.2765066788884063
4818,2016-07-20,2016,7,03-Wednesday,05-Late Night Snack,1012.2000000000002,132,3.4482777777777787,7.646902777777777,2.219978318350269
4818,2016-07-21,2016,7,04-Thursday,05-Late Night Snack,1442.9300000000003,181,3.360264843557526,7.985534614437055,2.4053548416977093
4818,2016-07-22,2016,7,05-Friday,05-Late Night Snack,1464.9300000000003,165,3.5933279124778235,8.812281933767004,2.4698429495443914
4818,2016-07-23,2016,7,06-Saturday,05-Late Night Snack,1704.6100000000004,188,6.107881944444443,9.06121527777778,1.5952117793887117
4818,2016-07-24,2016,7,07-Sunday,05-Late Night Snack,1220.4799999999998,140,5.260714285714284,8.717714285714283,1.6911999484735603
4818,2016-07-25,2016,7,01-Monday,05-Late Night Snack,1021.0100000000002,112,3.7626923076923076,9.11096794871795,2.430035128139533
4818,2016-07-26,2016,7,02-Tuesday,05-Late Night Snack,1419.5700000000002,168,4.753802083333333,8.487413194444446,1.8024737914824733
4818,2016-07-27,2016,7,03-Wednesday,05-Late Night Snack,1392.05,170,5.066197570964553,8.140752012427622,1.6094440812595332
4818,2016-07-28,2016,7,04-Thursday,05-Late Night Snack,1173.12,149,3.085521809661139,7.869419610670513,2.5889201022151447
4818,2016-07-29,2016,7,05-Friday,05-Late Night Snack,1755.5300000000002,195,4.874428571428572,8.971428571428572,1.8402555662389974
4818,2016-07-30,2016,7,06-Saturday,05-Late Night Snack,1577.4899999999998,183,4.251027930951809,8.551249700311676,2.00707765511347
4818,2016-07-31,2016,7,07-Sunday,05-Late Night Snack,1277.0300000000007,139,4.687712215320911,9.182041407867498,2.0025567828436275
4818,2016-08-01,2016,8,01-Monday,05-Late Night Snack,1208.46,125,5.984860399590163,9.681574026639346,1.6383978481725645
4818,2016-08-02,2016,8,02-Tuesday,05-Late Night Snack,1115.97,130,3.044326923076923,8.488076923076923,2.79492686114292
4818,2016-08-03,2016,8,03-Wednesday,05-Late Night Snack,943.8900000000003,118,3.4775483405483407,7.988079365079368,2.2976008608367886
4818,2016-08-04,2016,8,04-Thursday,05-Late Night Snack,1221.8500000000004,143,3.307761904761905,8.377040674603176,2.534085870739516
4818,2016-08-05,2016,8,05-Friday,05-Late Night Snack,1141.56,132,3.7721944444444446,8.74111111111111,2.335132853168881
4818,2016-08-06,2016,8,06-Saturday,05-Late Night Snack,1400.1400000000003,152,4.699013937282231,9.175780487804879,1.9581714211437813
4818,2016-08-07,2016,8,07-Sunday,05-Late Night Snack,1060.51,130,4.203963515754561,8.166738924425491,1.9518954681963354
4818,2016-08-08,2016,8,01-Monday,05-Late Night Snack,1158.9700000000003,132,4.157084959816303,8.781874856486798,2.1204148062311012
4818,2016-08-09,2016,8,02-Tuesday,05-Late Night Snack,1325.15,123,5.063369047619047,10.72595634920635,2.1284765795678746
4818,2016-08-10,2016,8,03-Wednesday,05-Late Night Snack,1128.4199999999998,131,4.970713118580766,8.579447945845004,1.7295383665158717
4818,2016-08-11,2016,8,04-Thursday,05-Late Night Snack,1045.9100000000003,112,5.778463541666666,9.391145833333336,1.6813984316024184
4818,2016-08-12,2016,8,05-Friday,05-Late Night Snack,1541.9000000000003,178,3.885428192497158,8.678960464822536,2.2554804577222205
4818,2016-08-13,2016,8,06-Saturday,05-Late Night Snack,1673.2599999999998,177,6.357531080031082,9.430400155400154,1.500886833857789
4818,2016-08-14,2016,8,07-Sunday,05-Late Night Snack,1222.0600000000004,144,4.991749756572542,8.595004868549175,1.8661077696253305
4818,2016-08-15,2016,8,01-Monday,05-Late Night Snack,858.7100000000003,99,4.451542857142858,8.665885714285716,1.9964756029192554
4818,2016-08-16,2016,8,02-Tuesday,05-Late Night Snack,809.6700000000001,106,4.98315579710145,7.548623188405797,1.5207904426472747
4818,2016-08-17,2016,8,03-Wednesday,05-Late Night Snack,897.73,104,5.28309647495362,8.593482374768088,1.6397015825361683
4818,2016-08-18,2016,8,04-Thursday,05-Late Night Snack,838.5799999999999,96,3.9354174228675145,8.840072595281306,2.3013797667534366
4818,2016-08-19,2016,8,05-Friday,05-Late Night Snack,1145.23,110,3.983095238095238,10.429087301587304,2.617385575066195
4818,2016-08-20,2016,8,06-Saturday,05-Late Night Snack,1424.8100000000004,152,6.303325783972127,9.343757839721256,1.521375156745714
4818,2016-08-21,2016,8,07-Sunday,05-Late Night Snack,1095.2,114,4.959233374384237,9.584279556650248,1.998897030459614
4818,2016-08-22,2016,8,01-Monday,05-Late Night Snack,763.54,95,5.462866666666667,7.948522222222222,1.46710429861167
4818,2016-08-23,2016,8,02-Tuesday,05-Late Night Snack,733.99,75,4.62216571834993,9.786589615931721,2.223809804522971
4818,2016-08-24,2016,8,03-Wednesday,05-Late Night Snack,765.9299999999998,86,8.52056712962963,8.871614583333333,1.0419398533935134
4818,2016-08-25,2016,8,04-Thursday,05-Late Night Snack,906.23,102,4.521178282633809,8.850448594532153,2.005614859298893
4818,2016-08-26,2016,8,05-Friday,05-Late Night Snack,1168.92,120,3.9870885547201347,9.771888053467002,2.457677534680606
4818,2016-08-27,2016,8,06-Saturday,05-Late Night Snack,1227.4399999999998,132,3.104628013777268,9.299334098737084,2.998142854545372
4818,2016-08-28,2016,8,07-Sunday,05-Late Night Snack,937.48,111,3.8174634308510633,8.336291555851064,2.1844427768908776
4818,2016-08-29,2016,8,01-Monday,05-Late Night Snack,713.3000000000002,70,4.689102167182662,10.761971104231169,2.3847346189661103
4818,2016-08-30,2016,8,02-Tuesday,05-Late Night Snack,675.32,71,4.112848837209302,9.275938538205981,2.323092191213453
4818,2016-08-31,2016,8,03-Wednesday,05-Late Night Snack,904.6,107,3.932269528501056,8.458122800844475,2.1650151708420915
4818,2016-09-01,2016,9,04-Thursday,05-Late Night Snack,997.7600000000002,102,4.801444099378882,9.847352484472054,2.0961910791381886
4818,2016-09-02,2016,9,05-Friday,05-Late Night Snack,1716.66,176,3.687935400516795,9.763131782945738,2.6690730878142888
4818,2016-09-03,2016,9,06-Saturday,05-Late Night Snack,1476.8500000000004,132,4.281156257255629,11.177112839563506,2.6145419550255617
4818,2016-09-04,2016,9,07-Sunday,05-Late Night Snack,1360.3899999999999,128,6.8391252752630285,10.585765842916565,1.5501625612280536
4818,2016-09-05,2016,9,01-Monday,05-Late Night Snack,527.29,70,3.7517023026315792,7.52376644736842,2.005359212236339
4818,2016-09-06,2016,9,02-Tuesday,05-Late Night Snack,569.9,74,3.0527083333333334,7.867804487179487,2.590865184403962
4818,2016-09-07,2016,9,03-Wednesday,05-Late Night Snack,760.7299999999998,89,4.27251572327044,8.450807127882596,1.983609476744122
4818,2016-09-08,2016,9,04-Thursday,05-Late Night Snack,601.78,67,3.962531531531532,9.042603603603602,2.297204948583257
4818,2016-09-09,2016,9,05-Friday,05-Late Night Snack,1279.0000000000002,105,4.120198412698413,12.54809523809524,3.0386150465117456
4818,2016-09-10,2016,9,06-Saturday,05-Late Night Snack,1133.1100000000004,111,4.45620731707317,10.418493031358889,2.337687115437356
4818,2016-09-11,2016,9,07-Sunday,05-Late Night Snack,637.7600000000002,63,5.858729838709678,10.130806451612905,1.734004277323213
4818,2016-09-12,2016,9,01-Monday,05-Late Night Snack,578.4000000000001,67,4.499111111111112,8.779106481481481,1.9493184943146702
4818,2016-09-13,2016,9,02-Tuesday,05-Late Night Snack,549.9000000000001,65,3.5255238095238095,8.497714285714284,2.419226967086674
4818,2016-09-14,2016,9,03-Wednesday,05-Late Night Snack,381.83000000000004,52,3.3672807017543853,7.75255980861244,2.2799307122563257
4818,2016-09-15,2016,9,04-Thursday,05-Late Night Snack,848.9599999999998,91,4.9356122448979605,9.270833333333332,1.8786779742582667
4818,2016-09-16,2016,9,05-Friday,05-Late Night Snack,1366.5300000000002,116,4.15115987933635,11.840607843137255,2.864093264425774
4818,2016-09-17,2016,9,06-Saturday,05-Late Night Snack,973.5,105,4.577352941176471,9.25977668845316,2.0225631956181704
4818,2016-09-18,2016,9,07-Sunday,05-Late Night Snack,772.8600000000001,86,4.482444444444445,9.028655826558268,2.047521054748551
4818,2016-09-19,2016,9,01-Monday,05-Late Night Snack,785.5699999999999,74,4.896692535107169,10.759042867701405,2.194757512944736
4818,2016-09-20,2016,9,02-Tuesday,05-Late Night Snack,528.47,68,2.7385795454545456,7.828636363636365,2.8708088029949552
4818,2016-09-21,2016,9,03-Wednesday,05-Late Night Snack,865.7700000000001,74,5.065270270270271,11.699594594594597,2.305088668284059
4818,2016-09-22,2016,9,04-Thursday,05-Late Night Snack,884.6300000000001,91,4.3459317073170745,9.79610731707317,2.25931434422849
4818,2016-09-23,2016,9,05-Friday,05-Late Night Snack,935.9000000000001,104,3.5560134378499435,9.078984695782008,2.5679186487057684
4818,2016-09-24,2016,9,06-Saturday,05-Late Night Snack,929.1700000000002,88,4.928985507246376,10.575512422360248,2.1589529827914182
4818,2016-09-25,2016,9,07-Sunday,05-Late Night Snack,523.7499999999998,59,3.5998095823095824,8.799846437346435,2.543422548876043
4818,2016-09-26,2016,9,01-Monday,05-Late Night Snack,528.0499999999998,64,7.466055143160127,8.29861611876988,1.12116254312233
4818,2016-09-27,2016,9,02-Tuesday,05-Late Night Snack,819.3900000000001,89,3.848507575757576,9.201154040404038,2.4769940832382478
4818,2016-09-28,2016,9,03-Wednesday,05-Late Night Snack,685.97,78,3.78057309540151,8.531101578586137,2.250855528429047
4818,2016-09-29,2016,9,04-Thursday,05-Late Night Snack,894.7900000000002,86,4.3983782991202345,10.55359824046921,2.4385245144907977
4818,2016-09-30,2016,9,05-Friday,05-Late Night Snack,991.1200000000001,107,3.078658280922432,9.256624737945494,3.018878433223973
4818,2016-10-01,2016,10,06-Saturday,05-Late Night Snack,1066.33,121,4.432675438596492,8.798703399122807,2.0238379030840496
4818,2016-10-02,2016,10,07-Sunday,05-Late Night Snack,652.8300000000002,79,3.8174434840425535,8.262736037234044,2.1760918915680856
4818,2016-10-03,2016,10,01-Monday,05-Late Night Snack,555.74,60,3.050357142857142,8.902460317460317,2.95348846860402
4818,2016-10-04,2016,10,02-Tuesday,05-Late Night Snack,476.82,57,3.7429342431761787,8.40792183622829,2.2446007486044866
4818,2016-10-05,2016,10,03-Wednesday,05-Late Night Snack,538.91,63,4.123422920892494,8.532804259634887,2.07633886589326
4818,2016-10-06,2016,10,04-Thursday,05-Late Night Snack,623.79,80,4.783921568627451,7.54447261663286,1.5721367967737911
4818,2016-10-07,2016,10,05-Friday,05-Late Night Snack,1066.8299999999997,110,2.6941213527851455,9.653027188328913,3.582134118695116
4818,2016-10-08,2016,10,06-Saturday,05-Late Night Snack,784.12,89,3.5037117346938778,8.846466836734693,2.5722695139858613
4818,2016-10-09,2016,10,07-Sunday,05-Late Night Snack,485.80999999999995,64,3.040754901960784,7.669558823529411,2.5244008985280413
4818,2016-10-10,2016,10,01-Monday,05-Late Night Snack,741.9299999999998,77,5.6853423076923075,9.276703846153847,1.6267623933865436
4818,2016-10-11,2016,10,02-Tuesday,05-Late Night Snack,495.0,57,3.5468158567774943,8.748024296675194,2.4705488625523624
4818,2016-10-12,2016,10,03-Wednesday,05-Late Night Snack,451.22000000000014,51,3.774229651162791,9.596308139534885,2.5349466129897116
4818,2016-10-13,2016,10,04-Thursday,05-Late Night Snack,1018.24,90,6.591026785714286,11.281577380952381,1.764397384750189
4818,2016-10-14,2016,10,05-Friday,05-Late Night Snack,1249.1600000000003,125,3.5295259740259746,9.895506493506495,2.803859963012487
4818,2016-10-15,2016,10,06-Saturday,05-Late Night Snack,1084.0000000000002,115,4.378923076923076,9.387676923076924,2.1699228426609007
4818,2016-10-16,2016,10,07-Sunday,05-Late Night Snack,660.0699999999999,65,4.589410569105691,10.185691056910569,2.2637448492481385
4818,2016-10-17,2016,10,01-Monday,05-Late Night Snack,517.1700000000001,65,3.3479249999999996,8.149350000000002,2.4594569381417584
4818,2016-10-18,2016,10,02-Tuesday,05-Late Night Snack,660.19,61,3.9217611111111106,11.219461111111112,2.8357037482913587
4818,2016-10-19,2016,10,03-Wednesday,05-Late Night Snack,475.9600000000001,52,3.355833333333333,9.12947916666667,2.7204508110364083
4818,2016-10-20,2016,10,04-Thursday,05-Late Night Snack,702.56,80,4.060320553111251,8.728346951602765,2.168116267168328
4818,2016-10-21,2016,10,05-Friday,05-Late Night Snack,1032.7200000000003,101,3.7423484848484856,10.272669457735248,2.7954692256575706
4818,2016-10-22,2016,10,06-Saturday,05-Late Night Snack,1172.16,127,3.699625187406297,9.129202898550725,2.478580986302142
4818,2016-10-23,2016,10,07-Sunday,05-Late Night Snack,535.67,57,3.7031617647058823,9.195941176470589,2.4899140298110143
4818,2016-10-24,2016,10,01-Monday,05-Late Night Snack,650.9999999999998,80,3.2928213166144205,8.155485893416927,2.477751889191758
4818,2016-10-25,2016,10,02-Tuesday,05-Late Night Snack,590.0899999999999,60,5.045339366515837,9.831640271493212,2.065673096196719
4818,2016-10-26,2016,10,03-Wednesday,05-Late Night Snack,643.4600000000002,78,3.8978858162355037,7.761703835860839,2.0216438983349665
4818,2016-10-27,2016,10,04-Thursday,05-Late Night Snack,767.9399999999996,86,3.9020543478260876,9.006782608695648,2.2996103235520726
4818,2016-10-28,2016,10,05-Friday,05-Late Night Snack,1040.65,97,3.220970380194518,10.761085322723256,3.356260944124251
4818,2016-10-29,2016,10,06-Saturday,05-Late Night Snack,788.0600000000002,87,3.4506927244582037,9.076648606811148,2.6303881743847377
4818,2016-10-30,2016,10,07-Sunday,05-Late Night Snack,566.0600000000001,61,2.905866013071896,9.358818082788673,3.2175462404853654
4818,2016-10-31,2016,10,01-Monday,05-Late Night Snack,818.1700000000003,86,4.610941348973608,9.308431085043988,2.113397424074565
4818,2016-11-01,2016,11,02-Tuesday,05-Late Night Snack,545.23,66,3.153611111111111,7.925833333333333,2.5451952903724164
4818,2016-11-02,2016,11,03-Wednesday,05-Late Night Snack,635.4800000000001,69,3.7738550983899826,9.27488819320215,2.539533080590648
4818,2016-11-03,2016,11,04-Thursday,05-Late Night Snack,508.30999999999995,58,3.054877734877734,8.749208494208492,2.8995144013105647
4818,2016-11-04,2016,11,05-Friday,05-Late Night Snack,1050.5500000000004,104,3.668374764595103,9.912442561205278,2.6991916323642755
4818,2016-11-05,2016,11,06-Saturday,05-Late Night Snack,828.0799999999997,94,4.249728260869564,8.809379528985504,2.102860971310442
4818,2016-11-06,2016,11,07-Sunday,05-Late Night Snack,426.36,44,3.716013071895425,9.55013071895425,2.574059188325246
4818,2016-11-07,2016,11,01-Monday,05-Late Night Snack,440.0300000000001,85,2.4793898809523807,4.907860863095239,1.978049266128115
4818,2016-11-08,2016,11,02-Tuesday,05-Late Night Snack,477.79999999999995,49,4.061676470588235,10.312725490196078,2.5319110066338437
4818,2016-11-09,2016,11,03-Wednesday,05-Late Night Snack,517.82,63,3.731136842105263,7.887631578947371,2.2147380888672896
4818,2016-11-10,2016,11,04-Thursday,05-Late Night Snack,527.5299999999999,61,3.514783333333333,8.646988888888888,2.460446277341666
4818,2016-11-11,2016,11,05-Friday,05-Late Night Snack,699.4100000000001,91,2.9016666666666664,8.057664800995024,2.779850817256179
4818,2016-11-12,2016,11,06-Saturday,05-Late Night Snack,819.7200000000001,76,6.328930313588851,10.901310104529617,1.719100332240793
4818,2016-11-13,2016,11,07-Sunday,05-Late Night Snack,374.76,41,3.744842995169082,9.107041062801933,2.440698457488491
4818,2016-11-14,2016,11,01-Monday,05-Late Night Snack,397.52,46,3.706375,8.222354166666667,2.2598777220736674
4818,2016-11-15,2016,11,02-Tuesday,05-Late Night Snack,569.98,73,3.2472086956521737,7.854047826086956,2.4332564784010766
4818,2016-11-16,2016,11,03-Wednesday,05-Late Night Snack,555.15,61,4.478125,8.945432692307694,1.9971651542230244
4818,2016-11-17,2016,11,04-Thursday,05-Late Night Snack,247.37000000000006,25,5.0255,9.611750000000002,2.097126567360385
4818,2016-11-18,2016,11,05-Friday,05-Late Night Snack,660.0600000000002,77,3.6483461538461537,8.541311538461539,2.3534421668971737
4818,2016-11-19,2016,11,06-Saturday,05-Late Night Snack,803.7100000000003,98,5.018929227941175,8.330937500000001,1.6900894307200978
4818,2016-11-20,2016,11,07-Sunday,05-Late Night Snack,685.9999999999999,70,6.086022222222222,9.965777777777777,1.695038745548378
4818,2016-11-21,2016,11,01-Monday,05-Late Night Snack,433.71000000000004,48,3.5402731092436976,8.854138655462185,2.5281940724152854
4818,2016-11-22,2016,11,02-Tuesday,05-Late Night Snack,514.0999999999998,52,3.3595588235294125,9.777287581699344,2.9352945483208566
4818,2016-11-23,2016,11,03-Wednesday,05-Late Night Snack,732.8499999999999,89,8.912275025278058,8.314901415571281,1.0026821316059067
4818,2016-11-25,2016,11,05-Friday,05-Late Night Snack,628.93,68,4.048333333333334,8.982821969696968,2.2401190558378743
4818,2016-11-26,2016,11,06-Saturday,05-Late Night Snack,587.77,63,3.835670478170478,9.37095114345114,2.443745758438424
4818,2016-11-27,2016,11,07-Sunday,05-Late Night Snack,481.52,50,4.192083333333334,9.651499999999999,2.3069141268068742
4818,2016-11-28,2016,11,01-Monday,05-Late Night Snack,434.0000000000001,46,5.208449612403101,9.395348837209303,1.8929896221990616
4818,2016-11-29,2016,11,02-Tuesday,05-Late Night Snack,436.39999999999986,51,4.340415057915058,8.043223938223935,1.8468088399478746
4818,2016-11-30,2016,11,03-Wednesday,05-Late Night Snack,450.92999999999995,58,3.4464444444444444,7.608833333333333,2.2513698435398712
4818,2016-12-01,2016,12,04-Thursday,05-Late Night Snack,576.1000000000001,52,5.6375625000000005,11.052156250000003,1.991181580055169
4818,2016-12-02,2016,12,05-Friday,05-Late Night Snack,771.13,78,3.5853905700211124,10.172332864180156,2.900783475796127
4818,2016-12-03,2016,12,06-Saturday,05-Late Night Snack,620.61,77,3.3364025245441797,7.697987377279102,2.3272117539469965
4818,2016-12-04,2016,12,07-Sunday,05-Late Night Snack,497.61,56,4.636903820816865,8.80621212121212,1.9018403130213892
4818,2016-12-05,2016,12,01-Monday,05-Late Night Snack,290.45,39,3.5540588235294117,8.851617647058822,2.463268975036406
4818,2016-12-06,2016,12,02-Tuesday,05-Late Night Snack,322.4899999999999,35,4.7357142857142875,9.214,1.945641025641025
4818,2016-12-07,2016,12,03-Wednesday,05-Late Night Snack,353.47999999999996,34,4.94326923076923,10.072307692307692,2.1378190999928814
4818,2016-12-08,2016,12,04-Thursday,05-Late Night Snack,332.62000000000006,34,3.12,10.32235576923077,3.439553412598171
4818,2016-12-09,2016,12,05-Friday,05-Late Night Snack,598.57,66,3.492678571428571,9.282440476190477,2.66040721766176
4818,2016-12-10,2016,12,06-Saturday,05-Late Night Snack,732.2900000000001,83,3.947535460992908,9.043031914893618,2.2865156008889014
4818,2016-12-12,2016,12,01-Monday,05-Late Night Snack,517.2099999999999,60,6.224797843665767,6.530256064690025,1.013619322464635
4818,2016-12-13,2016,12,02-Tuesday,05-Late Night Snack,446.0700000000001,52,4.421413043478262,8.439891304347826,1.908650642273258
4818,2016-12-14,2016,12,03-Wednesday,05-Late Night Snack,371.36,44,3.9299166666666663,8.486666666666668,2.1647540262592093
4818,2016-12-15,2016,12,04-Thursday,05-Late Night Snack,540.86,62,4.100679824561404,8.91048245614035,2.168380573441058
4818,2016-12-16,2016,12,05-Friday,05-Late Night Snack,409.3800000000001,39,3.8424553571428577,10.901584821428571,2.8441638557634694
4818,2016-12-17,2016,12,06-Saturday,05-Late Night Snack,367.15000000000003,38,3.5894700460829494,7.569700460829493,2.0907830883158036
4818,2016-12-18,2016,12,07-Sunday,05-Late Night Snack,412.87000000000006,44,4.466229885057471,9.60787356321839,2.150391377577174
4818,2016-12-19,2016,12,01-Monday,05-Late Night Snack,631.5,60,5.140857142857142,10.61817142857143,2.0708935228017236
4818,2016-12-20,2016,12,02-Tuesday,05-Late Night Snack,606.5600000000002,57,4.159946646341464,10.943376524390246,2.6310232135375364
4818,2016-12-21,2016,12,03-Wednesday,05-Late Night Snack,569.74,56,3.7137290322580654,10.435225806451614,2.771164296315971
4818,2016-12-22,2016,12,04-Thursday,05-Late Night Snack,787.1300000000001,78,5.024937499999998,10.051145833333333,2.0129480358198037
4818,2016-12-23,2016,12,05-Friday,05-Late Night Snack,1115.33,97,4.115537340619307,11.980277777777777,2.9329222928423357
4818,2016-12-26,2016,12,01-Monday,05-Late Night Snack,412.65999999999997,44,3.9194047619047607,9.30452380952381,2.3973888322040917
4818,2016-12-27,2016,12,02-Tuesday,05-Late Night Snack,464.79999999999995,46,3.6447794117647057,10.998039215686276,3.0005691558356147
4818,2016-12-28,2016,12,03-Wednesday,05-Late Night Snack,612.83,61,3.330170731707317,10.24809756097561,3.0809840338379804
4818,2016-12-29,2016,12,04-Thursday,05-Late Night Snack,634.6300000000001,66,3.706259615384615,9.665173076923077,2.618407420247336
4818,2016-12-30,2016,12,05-Friday,05-Late Night Snack,841.1700000000003,92,3.266217257318953,8.923253723677458,2.7411946089501957
4818,2016-12-31,2016,12,06-Saturday,05-Late Night Snack,415.9599999999999,44,2.581515151515151,9.515757575757576,3.685966800370755
4818,2017-01-01,2017,1,07-Sunday,05-Late Night Snack,792.7299999999998,75,3.6877001569858705,9.997142857142855,2.6948657275399315
4818,2017-01-02,2017,1,01-Monday,05-Late Night Snack,498.83000000000004,47,3.420194805194805,11.443982683982684,3.3568032709112057
4818,2017-01-03,2017,1,02-Tuesday,05-Late Night Snack,297.52000000000004,33,2.966730769230769,8.731785714285714,2.981466621286968
4818,2017-01-04,2017,1,03-Wednesday,05-Late Night Snack,167.49,17,3.159423076923077,10.510096153846153,3.649719670878076
4818,2017-01-05,2017,1,04-Thursday,05-Late Night Snack,304.08,26,5.773039215686275,12.54143790849673,2.2038478512397432
4818,2017-01-06,2017,1,05-Friday,05-Late Night Snack,437.5300000000001,40,3.914159544159544,10.529472934472937,2.7096140182425796
4818,2017-01-07,2017,1,06-Saturday,05-Late Night Snack,834.1399999999999,75,4.297199074074074,11.350578703703702,2.638040138283678
4818,2017-01-08,2017,1,07-Sunday,05-Late Night Snack,444.2,46,2.8753245436105477,9.999959432048682,3.4839497732737885
4818,2017-01-09,2017,1,01-Monday,05-Late Night Snack,554.06,53,5.205740469208212,10.30274926686217,2.036724866350899
4818,2017-01-10,2017,1,02-Tuesday,05-Late Night Snack,547.7299999999999,60,3.567267080745342,8.966754658385092,2.514510055623112
4818,2017-01-11,2017,1,03-Wednesday,05-Late Night Snack,391.02000000000004,42,2.8438461538461537,9.46076923076923,3.4586508982770248
4818,2017-01-12,2017,1,04-Thursday,05-Late Night Snack,364.59000000000003,42,2.693651026392962,9.75057184750733,3.620404051132894
4818,2017-01-13,2017,1,05-Friday,05-Late Night Snack,795.22,77,5.19514527027027,10.361304054054054,1.9909291761627732
4818,2017-01-14,2017,1,06-Saturday,05-Late Night Snack,719.75,72,3.872234042553191,9.816004255319147,2.6064310890257065
4818,2017-01-15,2017,1,07-Sunday,05-Late Night Snack,554.59,58,17.059090909090912,11.43930303030303,0.7968493128764105
4818,2017-01-16,2017,1,01-Monday,05-Late Night Snack,342.28999999999996,38,3.63816091954023,8.819559386973179,2.4487241269623397
4818,2017-01-17,2017,1,02-Tuesday,05-Late Night Snack,363.09999999999997,48,2.765907441016334,7.650181488203265,2.765414023536806
4818,2017-01-18,2017,1,03-Wednesday,05-Late Night Snack,503.4299999999999,57,2.8390789473684213,9.293421052631576,3.2667244415512955
4818,2017-01-19,2017,1,04-Thursday,05-Late Night Snack,602.9999999999999,56,3.82989430894309,10.491837398373985,2.75335622845596
4818,2017-01-20,2017,1,05-Friday,05-Late Night Snack,711.8100000000002,75,3.5005759803921572,8.78327205882353,2.4793872106410966
4818,2017-01-21,2017,1,06-Saturday,05-Late Night Snack,797.6900000000002,80,2.8124603174603173,10.103666666666669,3.626292712116636
4818,2017-01-22,2017,1,07-Sunday,05-Late Night Snack,474.34000000000015,55,3.6423048048048052,7.842417417417417,2.173536712257124
4818,2017-01-23,2017,1,01-Monday,05-Late Night Snack,493.34000000000015,44,3.6982812499999995,10.723020833333337,2.910594242416361
4818,2017-01-24,2017,1,02-Tuesday,05-Late Night Snack,316.6899999999999,44,2.2522727272727265,4.831666666666665,1.293687163360803
4818,2017-01-25,2017,1,03-Wednesday,05-Late Night Snack,407.88,49,2.5019377990430622,8.140801435406699,3.2704508742795317
4818,2017-01-26,2017,1,04-Thursday,05-Late Night Snack,616.9100000000001,56,3.8572096530920055,10.866161387631976,2.8178701329985056
4818,2017-01-27,2017,1,05-Friday,05-Late Night Snack,790.4899999999999,79,3.0549608262108263,10.316855413105413,3.576824881876399
4818,2017-01-28,2017,1,06-Saturday,05-Late Night Snack,595.0,71,2.8222798742138364,8.400366876310272,3.012610629555675
4818,2017-01-29,2017,1,07-Sunday,05-Late Night Snack,410.79,44,2.9223563218390805,9.500563218390806,3.274946341785565
4818,2017-01-30,2017,1,01-Monday,05-Late Night Snack,543.0300000000001,50,3.839978070175439,10.835877192982458,2.8598214573179224
4818,2017-01-31,2017,1,02-Tuesday,05-Late Night Snack,474.62,45,3.4387740384615384,11.041237980769232,3.2310704893280375
4818,2017-02-01,2017,2,03-Wednesday,05-Late Night Snack,464.81000000000006,57,2.5767857142857156,7.366880952380954,2.8698472489703604
4818,2017-02-02,2017,2,04-Thursday,05-Late Night Snack,283.01,34,2.2604583333333332,7.919041666666665,3.63930902889781
4818,2017-02-03,2017,2,05-Friday,05-Late Night Snack,833.49,84,3.612244897959184,10.23091836734694,2.8103187595239403
4818,2017-02-04,2017,2,06-Saturday,05-Late Night Snack,610.5500000000001,71,2.4702040816326534,8.579452690166978,3.4735680230100656
4818,2017-02-05,2017,2,07-Sunday,05-Late Night Snack,392.06,45,3.5605,8.820333333333334,2.7275504817480614
4818,2017-02-06,2017,2,01-Monday,05-Late Night Snack,405.31,42,1.9302777777777775,7.622361111111111,3.8209717125897638
4818,2017-02-07,2017,2,02-Tuesday,05-Late Night Snack,467.2300000000001,44,2.321927083333333,10.923125,4.80938591537199
4818,2017-02-08,2017,2,03-Wednesday,05-Late Night Snack,463.1600000000001,40,3.5385714285714287,12.230714285714285,3.4987390655540684
4818,2017-02-09,2017,2,04-Thursday,05-Late Night Snack,735.3499999999998,65,2.5341750000000003,11.422599999999996,4.507584561073742
4818,2017-02-10,2017,2,05-Friday,05-Late Night Snack,914.47,93,3.1339858490566037,10.16254716981132,3.198496463212438
4818,2017-02-11,2017,2,06-Saturday,05-Late Night Snack,750.5900000000001,91,3.0009375000000005,7.865524364406779,2.6383056418953164
4818,2017-02-12,2017,2,07-Sunday,05-Late Night Snack,410.93000000000006,45,2.724891826923077,9.430865384615386,3.7108893604140123
4818,2017-02-13,2017,2,01-Monday,05-Late Night Snack,463.51,42,3.128541176470588,11.394247058823531,3.6280741495834503
4818,2017-02-14,2017,2,02-Tuesday,05-Late Night Snack,433.41999999999996,51,2.8354687499999995,8.376126644736841,3.036384201996211
4818,2017-02-15,2017,2,03-Wednesday,05-Late Night Snack,560.8199999999998,58,2.766443452380952,8.907901785714284,3.2549239237349834
4818,2017-02-16,2017,2,04-Thursday,05-Late Night Snack,462.81,54,2.152138314785373,8.782965023847378,4.093344833808196
4818,2017-02-17,2017,2,05-Friday,05-Late Night Snack,821.8399999999999,79,2.951787634408603,10.457167338709674,3.5425202372241436
4818,2017-02-18,2017,2,06-Saturday,05-Late Night Snack,665.1899999999998,77,3.774003846153846,8.80425,2.3312151420121303
4818,2017-02-19,2017,2,07-Sunday,05-Late Night Snack,744.3900000000001,88,3.2059431524547803,8.478302325581396,2.6514355119225517
4818,2017-02-20,2017,2,01-Monday,05-Late Night Snack,566.95,54,5.266323308270676,10.570984962406015,2.0390406627171207
4818,2017-02-21,2017,2,02-Tuesday,05-Late Night Snack,522.39,61,2.719102564102564,8.527878787878787,3.149703934927114
4818,2017-02-22,2017,2,03-Wednesday,05-Late Night Snack,416.09999999999997,47,2.987107142857143,9.353488095238095,3.1263055286765593
4818,2017-02-23,2017,2,04-Thursday,05-Late Night Snack,510.78,49,3.5726041666666664,10.602206439393939,3.076034916653359
4818,2017-02-24,2017,2,05-Friday,05-Late Night Snack,1001.3700000000001,89,3.690518575851394,11.318691950464398,3.1624094158418115
4818,2017-02-25,2017,2,06-Saturday,05-Late Night Snack,716.4300000000001,78,2.0685142469470827,6.518161465400272,3.019205147799242
4818,2017-02-26,2017,2,07-Sunday,05-Late Night Snack,563.12,59,3.728081395348837,10.105196220930234,2.7101044615001344
4818,2017-02-27,2017,2,01-Monday,05-Late Night Snack,523.6100000000001,56,3.918738819320215,9.810581395348837,2.62005920649468
4818,2017-02-28,2017,2,02-Tuesday,05-Late Night Snack,472.84000000000003,55,4.557419590643274,8.889934210526315,2.0413792365309233
4818,2017-03-01,2017,3,03-Wednesday,05-Late Night Snack,1040.0800000000002,97,3.403427631578948,10.560493421052634,3.1195543480044394
4818,2017-03-02,2017,3,04-Thursday,05-Late Night Snack,700.7200000000001,80,3.2689666666666666,8.637533333333334,2.798484876108061
4818,2017-03-03,2017,3,05-Friday,05-Late Night Snack,1182.6700000000003,124,3.742139504563233,9.519964797913953,2.587450242927263
4818,2017-03-04,2017,3,06-Saturday,05-Late Night Snack,1029.1000000000004,113,3.491356209150327,9.03331209150327,2.586998444728755
4818,2017-03-05,2017,3,07-Sunday,05-Late Night Snack,802.3299999999999,88,3.5244008714596955,9.248262527233116,2.6459586788386456
4818,2017-03-06,2017,3,01-Monday,05-Late Night Snack,517.8600000000001,73,2.7020956521739126,7.212991304347827,2.6938891104634886
4818,2017-03-07,2017,3,02-Tuesday,05-Late Night Snack,662.94,82,3.552823682498373,8.360670136629798,2.3566341846009546
4818,2017-03-08,2017,3,03-Wednesday,05-Late Night Snack,556.45,71,2.2321608695652175,7.631130434782607,3.4202851174404483
4818,2017-03-09,2017,3,04-Thursday,05-Late Night Snack,760.63,93,3.153859649122807,8.243764619883041,2.613199510914176
4818,2017-03-10,2017,3,05-Friday,05-Late Night Snack,1188.99,137,2.673972471190781,8.625052283397352,3.2767333621283763
4818,2017-03-11,2017,3,06-Saturday,05-Late Night Snack,956.5400000000003,103,2.9937131519274374,9.217830687830691,3.08350349403343
4818,2017-03-12,2017,3,07-Sunday,05-Late Night Snack,847.1100000000005,96,3.0927633802816903,8.85241971830986,2.9952907581157744
4818,2017-03-13,2017,3,01-Monday,05-Late Night Snack,804.94,80,4.002604166666667,10.360833333333334,2.5768272441551625
4818,2017-03-14,2017,3,02-Tuesday,05-Late Night Snack,810.2900000000002,87,3.7646428571428574,9.282626984126988,2.4717297865015153
4818,2017-03-15,2017,3,03-Wednesday,05-Late Night Snack,867.4099999999999,97,3.1866495726495723,8.974803418803416,2.83286756359578
4818,2017-03-16,2017,3,04-Thursday,05-Late Night Snack,909.2800000000002,110,2.407241379310344,8.2554575596817,3.4333628387274584
4818,2017-03-17,2017,3,05-Friday,05-Late Night Snack,1013.73,118,2.1063017241379307,8.603218390804598,4.180095312100403
4818,2017-03-18,2017,3,06-Saturday,05-Late Night Snack,1783.37,196,2.954762376237624,9.096000521104742,3.107849063728312
4818,2017-03-19,2017,3,07-Sunday,05-Late Night Snack,1196.48,146,3.548457364341086,8.19412596899225,2.316866492018989
4818,2017-03-20,2017,3,01-Monday,05-Late Night Snack,831.4299999999998,95,3.6842376373626378,8.758612637362635,2.3886679950303327
4818,2017-03-21,2017,3,02-Tuesday,05-Late Night Snack,648.3800000000002,84,3.040551020408164,7.706734693877552,2.551403530284495
4818,2017-03-22,2017,3,03-Wednesday,05-Late Night Snack,883.1799999999997,113,2.3931965408805027,7.793227987421381,3.2734603965322773
4818,2017-03-23,2017,3,04-Thursday,05-Late Night Snack,905.9900000000002,107,2.5679811119030633,8.348385602280828,3.3227583805350642
4818,2017-03-24,2017,3,05-Friday,05-Late Night Snack,1143.0100000000002,129,2.989737980769231,8.858221153846156,3.1589711237526705
4818,2017-03-25,2017,3,06-Saturday,05-Late Night Snack,1603.75,170,3.6142224231464732,9.471521073862846,2.6552702023608847
4818,2017-03-26,2017,3,07-Sunday,05-Late Night Snack,747.12,90,3.0469668737060043,6.4860455486542445,1.970545568029658
4818,2017-03-27,2017,3,01-Monday,05-Late Night Snack,770.4200000000001,86,2.55,9.26291495601173,3.621923205302435
4818,2017-03-28,2017,3,02-Tuesday,05-Late Night Snack,633.86,78,3.142841213202498,8.301043710972346,2.655077358985932
4818,2017-03-29,2017,3,03-Wednesday,05-Late Night Snack,968.6400000000001,112,3.1207243589743587,8.638974358974359,2.7768829663886483
4818,2017-03-30,2017,3,04-Thursday,05-Late Night Snack,861.4399999999999,100,3.3706006006006004,8.690175890175889,2.6944349453864813
4818,2017-03-31,2017,3,05-Friday,05-Late Night Snack,913.0800000000002,108,2.5591911764705877,8.51354411764706,3.3335876027368636
4818,2017-04-01,2017,4,06-Saturday,05-Late Night Snack,1263.1200000000003,141,3.409840425531915,8.96723404255319,2.735464911868382
4818,2017-04-02,2017,4,07-Sunday,05-Late Night Snack,784.96,95,3.213038605230386,8.41865504358655,2.6237168966516538
4818,2017-04-03,2017,4,01-Monday,05-Late Night Snack,687.3800000000003,87,2.968531468531469,7.918206293706296,2.84218913957039
4818,2017-04-04,2017,4,02-Tuesday,05-Late Night Snack,443.31000000000006,65,2.755627705627706,6.969588744588745,2.534279777757159
4818,2017-04-05,2017,4,03-Wednesday,05-Late Night Snack,882.6099999999999,98,2.2220131578947373,9.171337719298243,4.140948473386373
4818,2017-04-06,2017,4,04-Thursday,05-Late Night Snack,1179.85,136,2.782368421052632,8.692504385964913,3.124804237415077
4818,2017-04-07,2017,4,05-Friday,05-Late Night Snack,1789.9199999999996,205,2.7897040678619627,8.824146423751687,3.1581037006204222
4818,2017-04-08,2017,4,06-Saturday,05-Late Night Snack,1507.380000000001,162,3.3351313980137514,9.26767456073339,3.082961211683045
4818,2017-04-09,2017,4,07-Sunday,05-Late Night Snack,665.3099999999998,77,2.2777334943639294,8.316425120772944,3.6731603126551295
4818,2017-04-10,2017,4,01-Monday,05-Late Night Snack,741.31,95,2.3989525586353952,7.499834754797442,3.132795431903019
4818,2017-04-11,2017,4,02-Tuesday,05-Late Night Snack,1095.1200000000001,133,3.789345977011493,8.250767816091955,2.188201035923314
4818,2017-04-12,2017,4,03-Wednesday,05-Late Night Snack,919.7900000000001,128,2.489291666666667,7.032145833333334,2.839879778949382
4818,2017-04-13,2017,4,04-Thursday,05-Late Night Snack,1077.3900000000003,128,2.428944444444445,7.600236842105264,3.075386292017318
4818,2017-04-14,2017,4,05-Friday,05-Late Night Snack,1495.0500000000002,195,2.764217032967033,7.696517857142858,2.8518186237678105
4818,2017-04-15,2017,4,06-Saturday,05-Late Night Snack,1422.0000000000002,176,3.02764751552795,8.087562111801244,2.75373707382936
4818,2017-04-16,2017,4,07-Sunday,05-Late Night Snack,742.0200000000003,97,2.9270808510638293,7.647593617021279,2.8211307891071864
4818,2017-04-17,2017,4,01-Monday,05-Late Night Snack,792.8799999999999,90,2.7915,8.708583333333333,3.147258528739088
4818,2017-04-18,2017,4,02-Tuesday,05-Late Night Snack,893.06,122,3.6220098039215696,7.3167156862745095,2.0306921337266983
4818,2017-04-19,2017,4,03-Wednesday,05-Late Night Snack,796.7699999999998,93,2.9867364532019707,8.438371921182265,2.8554585097047624
4818,2017-04-20,2017,4,04-Thursday,05-Late Night Snack,681.3,79,2.52243537414966,8.640972789115645,3.4435202052320797
4818,2017-04-21,2017,4,05-Friday,05-Late Night Snack,1261.62,125,3.103312629399586,10.08075439958592,3.2556368773091253
4818,2017-04-22,2017,4,06-Saturday,05-Late Night Snack,1591.21,170,4.095270833333333,9.306715277777778,2.307955793241153
4818,2017-04-23,2017,4,07-Sunday,05-Late Night Snack,1202.6399999999999,140,3.220572192513371,8.491122994652404,2.8512325045091167
4818,2017-04-24,2017,4,01-Monday,05-Late Night Snack,796.6100000000002,101,3.227586206896552,8.063206417624523,2.528782463238324
4818,2017-04-25,2017,4,02-Tuesday,05-Late Night Snack,641.08,80,3.324687261632342,8.004286803966437,2.4202536972670345
4818,2017-04-26,2017,4,03-Wednesday,05-Late Night Snack,861.6200000000001,117,2.5663413547237077,7.190236185383245,2.8458302865244542
4818,2017-04-27,2017,4,04-Thursday,05-Late Night Snack,840.3000000000002,105,2.7558585055643885,8.115991653418124,2.943712093138163
4818,2017-04-28,2017,4,05-Friday,05-Late Night Snack,1154.74,105,3.064699192956713,11.068395084372707,3.6421199318551145
4818,2017-04-29,2017,4,06-Saturday,05-Late Night Snack,719.2300000000001,72,2.6993333333333327,9.837916666666667,3.6945868443868846
4818,2017-04-30,2017,4,07-Sunday,05-Late Night Snack,778.4300000000001,88,2.856548801870251,9.143796025715956,3.194311113837241
4818,2017-05-01,2017,5,01-Monday,05-Late Night Snack,717.26,91,2.594252873563218,8.335770637408569,3.219894639310426
4818,2017-05-02,2017,5,02-Tuesday,05-Late Night Snack,740.04,86,3.6658809523809515,8.612982142857142,2.369753801335797
4818,2017-05-03,2017,5,03-Wednesday,05-Late Night Snack,1015.0500000000002,117,2.7431599622878693,8.505868950345695,3.1115619628718694
4818,2017-05-04,2017,5,04-Thursday,05-Late Night Snack,1221.8300000000004,153,2.1327198084160104,7.977503421142664,3.7529155129730567
4818,2017-05-05,2017,5,05-Friday,05-Late Night Snack,1640.6600000000003,202,3.568714285714285,8.268607142857144,2.422647409696754
4818,2017-05-06,2017,5,06-Saturday,05-Late Night Snack,1402.2700000000002,151,2.5020807017543856,9.279391228070176,3.6960755039816084
4818,2017-05-07,2017,5,07-Sunday,05-Late Night Snack,1115.2,119,2.4795940537449974,9.366976843910805,3.8376111118176794
4818,2017-05-08,2017,5,01-Monday,05-Late Night Snack,673.0699999999999,78,2.076916996047431,8.09990909090909,3.9291589111961773
4818,2017-05-09,2017,5,02-Tuesday,05-Late Night Snack,1155.8400000000001,129,3.5437104072398204,9.00197963800905,2.54370567732256
4818,2017-05-10,2017,5,03-Wednesday,05-Late Night Snack,658.24,80,2.4571115288220557,8.174962406015037,3.3191406776582415
4818,2017-05-11,2017,5,04-Thursday,05-Late Night Snack,972.7100000000002,120,2.2853535353535355,8.092449494949495,3.5664841216456176
4818,2017-05-12,2017,5,05-Friday,05-Late Night Snack,1717.72,181,2.7904820544554463,9.494021039603961,3.44353157353264
4818,2017-05-13,2017,5,06-Saturday,05-Late Night Snack,1725.7599999999998,198,3.039936579378068,8.67169292144026,2.853889447538455
4818,2017-05-14,2017,5,07-Sunday,05-Late Night Snack,1026.5299999999997,118,3.3236837557603685,8.625135368663594,2.5913624260317847
4818,2017-05-15,2017,5,01-Monday,05-Late Night Snack,1153.48,128,3.5060010010010005,9.105395395395394,2.6000911542300487
4818,2017-05-16,2017,5,02-Tuesday,05-Late Night Snack,891.1599999999997,95,4.132230392156863,9.030288671023962,2.1850698527546446
4818,2017-05-17,2017,5,03-Wednesday,05-Late Night Snack,632.29,68,2.062669172932331,9.800435016111706,4.735342099992918
4818,2017-05-18,2017,5,04-Thursday,05-Late Night Snack,703.5599999999998,74,4.712307692307691,8.584667832167831,1.8410281380797917
4818,2017-05-19,2017,5,05-Friday,05-Late Night Snack,1313.5500000000002,136,3.2388330088687005,9.667781743456631,2.9909542123850983
4818,2017-05-20,2017,5,06-Saturday,05-Late Night Snack,1457.0,155,3.31625,9.380258333333334,2.8698215149921897
4818,2017-05-21,2017,5,07-Sunday,05-Late Night Snack,1012.5499999999997,114,3.801737804878049,8.050038109756095,2.1215491138905236
4818,2017-05-22,2017,5,01-Monday,05-Late Night Snack,686.3999999999996,91,2.986409143518518,6.9609085648148135,2.439049718348885
4818,2017-05-23,2017,5,02-Tuesday,05-Late Night Snack,1195.58,153,4.011298328108673,7.819002089864158,1.9568733628796606
4818,2017-05-24,2017,5,03-Wednesday,05-Late Night Snack,1290.0600000000002,137,3.1168830888697157,9.430026962899053,3.0445979143088526
4818,2017-05-25,2017,5,04-Thursday,05-Late Night Snack,1128.5700000000002,137,2.8671875,8.042108552631582,2.825680269869091
4818,2017-05-26,2017,5,05-Friday,05-Late Night Snack,1636.7300000000005,174,3.0681972151559784,9.360222921408491,3.050691153552271
4818,2017-05-27,2017,5,06-Saturday,05-Late Night Snack,1533.65,146,5.755302972560977,10.447061737804878,1.8279362366397112
4818,2017-05-28,2017,5,07-Sunday,05-Late Night Snack,1665.8000000000002,181,3.623728295426754,9.210689655172414,2.5903374622952526
4818,2017-05-29,2017,5,01-Monday,05-Late Night Snack,968.4200000000003,119,3.2001174306734574,8.125713073005095,2.5396683328017646
4818,2017-05-30,2017,5,02-Tuesday,05-Late Night Snack,1128.6600000000003,140,3.3504268675455107,7.88784682988073,2.350374412074437
4818,2017-05-31,2017,5,03-Wednesday,05-Late Night Snack,1333.69,157,2.5720212418300648,8.469235294117649,3.303745897485358
4818,2017-06-01,2017,6,04-Thursday,05-Late Night Snack,1284.3300000000004,153,3.846806939196151,8.40136465132257,2.2687728693487665
4818,2017-06-02,2017,6,05-Friday,05-Late Night Snack,1508.97,175,2.710874803562074,8.642915138816136,3.1898638020902936
4818,2017-06-03,2017,6,06-Saturday,05-Late Night Snack,1630.1600000000005,190,3.1414318840579707,8.73713623188406,2.810449005364643
4818,2017-06-04,2017,6,07-Sunday,05-Late Night Snack,1286.1500000000005,171,2.9589743589743582,7.565322580645162,2.5897504643948106
4818,2017-06-05,2017,6,01-Monday,05-Late Night Snack,1054.5800000000004,129,2.842997835497836,8.171461038961041,2.8999052036049884
4818,2017-06-06,2017,6,02-Tuesday,05-Late Night Snack,1131.5800000000004,145,2.6201558265582667,7.79498548199768,3.0153266772828755
4818,2017-06-07,2017,6,03-Wednesday,05-Late Night Snack,1389.38,156,3.298537728094689,8.917236560907448,2.7068375390927466
4818,2017-06-08,2017,6,04-Thursday,05-Late Night Snack,1406.79,149,3.643912337662338,9.427960858585859,2.605762365319411
4818,2017-06-09,2017,6,05-Friday,05-Late Night Snack,1797.2500000000005,231,2.531388888888889,7.8695202020202055,3.1175297615985365
4818,2017-06-10,2017,6,06-Saturday,05-Late Night Snack,1720.3900000000003,209,2.623933052434456,8.206675561797754,3.131553796994137
4818,2017-06-11,2017,6,07-Sunday,05-Late Night Snack,1413.6699999999994,154,4.666993464052286,4.669509803921568,1.0686129838986895
4818,2017-06-12,2017,6,01-Monday,05-Late Night Snack,1396.5799999999995,158,3.538860759493672,8.839113924050631,2.4977286547197477
4818,2017-06-13,2017,6,02-Tuesday,05-Late Night Snack,1286.840000000001,158,2.5795541401273896,4.147898089171978,1.0591980026943133
4818,2017-06-14,2017,6,03-Wednesday,05-Late Night Snack,1465.080000000001,163,3.5281132788868725,9.04268451300666,2.619449835934919
4818,2017-06-15,2017,6,04-Thursday,05-Late Night Snack,1180.4499999999998,157,2.8499561688311683,7.531849837662335,2.6650942662632855
4818,2017-06-16,2017,6,05-Friday,05-Late Night Snack,1801.8500000000004,200,2.870881076388889,9.211636284722221,3.226776059430702
4818,2017-06-17,2017,6,06-Saturday,05-Late Night Snack,1469.8500000000004,185,2.779045259135419,7.930778003343686,2.8671408135769494
4818,2017-06-19,2017,6,01-Monday,05-Late Night Snack,1090.7700000000002,152,3.261958333333334,7.181208333333336,2.413597498833999
4818,2017-06-20,2017,6,02-Tuesday,05-Late Night Snack,1345.72,146,5.924092987804877,9.191854039634148,1.588790083322813
4818,2017-06-21,2017,6,03-Wednesday,05-Late Night Snack,1478.2900000000004,165,3.957861552028219,8.970978835978837,2.268317461772223
4818,2017-06-22,2017,6,04-Thursday,05-Late Night Snack,1228.4500000000005,127,4.603318407960199,9.627395522388063,2.087982599011752
4818,2017-06-23,2017,6,05-Friday,05-Late Night Snack,1659.34,185,2.4343302180685367,9.0659441648694,3.8405250416194545
4818,2017-06-24,2017,6,06-Saturday,05-Late Night Snack,1675.0400000000006,173,3.3514603494623647,9.686877016129035,2.895501917614239
4818,2017-06-25,2017,6,07-Sunday,05-Late Night Snack,1412.8899999999999,147,4.054277673545966,9.628006566604128,2.4299714856263988
4818,2017-06-26,2017,6,01-Monday,05-Late Night Snack,1342.63,156,3.977294117647058,8.596164871582435,2.2676447808859135
4818,2017-06-27,2017,6,02-Tuesday,05-Late Night Snack,1395.4,170,5.110367398648648,8.142195945945947,1.6240590684446927
4818,2017-06-28,2017,6,03-Wednesday,05-Late Night Snack,1216.0900000000001,152,2.7414760914760916,7.991089743589745,2.991754513903273
4818,2017-06-29,2017,6,04-Thursday,05-Late Night Snack,1376.3600000000001,157,2.86472547108512,8.801340968161146,3.079492097899288
4818,2017-06-30,2017,6,05-Friday,05-Late Night Snack,1749.1700000000005,193,3.081000867490783,9.072260355671222,2.986777123297329
